OverallQual;OverallCond;RoofMatl;roofDummy;MasVnrArea;ExterQual;extDummy;BsmtExposure;BsmtFinSF1;stFlrSF;ndFlrSF;KitchenQual;SalePrice;LotArea;Condition2;Neighborhood
7;5;CompShg;0;196;Gd;0;No;706;856;854;Gd;208500;8450;Norm;CollgCr
6;8;CompShg;0;0;TA;1;Gd;978;1262;0;TA;181500;9600;Norm;Veenker
7;5;CompShg;0;162;Gd;0;Mn;486;920;866;Gd;223500;11250;Norm;CollgCr
7;5;CompShg;0;0;TA;1;No;216;961;756;Gd;140000;9550;Norm;Crawfor
8;5;CompShg;0;350;Gd;0;Av;655;1145;1053;Gd;250000;14260;Norm;NoRidge
5;5;CompShg;0;0;TA;1;No;732;796;566;TA;143000;14115;Norm;Mitchel
8;5;CompShg;0;186;Gd;0;Av;1369;1694;0;Gd;307000;10084;Norm;Somerst
7;6;CompShg;0;240;TA;1;Mn;859;1107;983;TA;200000;10382;Norm;NWAmes
7;5;CompShg;0;0;TA;1;No;0;1022;752;TA;129900;6120;Norm;OldTown
5;6;CompShg;0;0;TA;1;No;851;1077;0;TA;118000;7420;Artery;BrkSide
5;5;CompShg;0;0;TA;1;No;906;1040;0;TA;129500;11200;Norm;Sawyer
9;5;CompShg;0;286;Ex;2;No;998;1182;1142;Ex;345000;11924;Norm;NridgHt
5;6;CompShg;0;0;TA;1;No;737;912;0;TA;144000;12968;Norm;Sawyer
7;5;CompShg;0;306;Gd;0;Av;0;1494;0;Gd;279500;10652;Norm;CollgCr
6;5;CompShg;0;212;TA;1;No;733;1253;0;TA;157000;10920;Norm;NAmes
7;8;CompShg;0;0;TA;1;No;0;854;0;TA;132000;6120;Norm;BrkSide
6;7;CompShg;0;180;TA;1;No;578;1004;0;TA;149000;11241;Norm;NAmes
4;5;CompShg;0;0;TA;1;NA;0;1296;0;TA;90000;10791;Norm;Sawyer
5;5;CompShg;0;0;TA;1;No;646;1114;0;Gd;159000;13695;Norm;SawyerW
5;6;CompShg;0;0;TA;1;No;504;1339;0;TA;139000;7560;Norm;NAmes
8;5;CompShg;0;380;Gd;0;Av;0;1158;1218;Gd;325300;14215;Norm;NridgHt
7;7;CompShg;0;0;TA;1;No;0;1108;0;Gd;139400;7449;Norm;IDOTRR
8;5;CompShg;0;281;Gd;0;No;0;1795;0;Gd;230000;9742;Norm;CollgCr
5;7;CompShg;0;0;TA;1;No;840;1060;0;TA;129900;4224;Norm;MeadowV
5;8;CompShg;0;0;TA;1;Mn;188;1060;0;Gd;154000;8246;Norm;Sawyer
8;5;CompShg;0;640;Gd;0;No;0;1600;0;Gd;256300;14230;Norm;NridgHt
5;7;CompShg;0;0;TA;1;Mn;234;900;0;Gd;134800;7200;Norm;NAmes
8;5;CompShg;0;200;Gd;0;No;1218;1704;0;Gd;306000;11478;Norm;NridgHt
5;6;CompShg;0;0;TA;1;Gd;1277;1600;0;TA;207500;16321;Norm;NAmes
4;6;CompShg;0;0;TA;1;No;0;520;0;Fa;68500;6324;RRNn;BrkSide
4;4;CompShg;0;0;TA;1;No;0;649;668;TA;40000;8500;Norm;IDOTRR
5;6;CompShg;0;0;TA;1;No;0;1228;0;Gd;149350;8544;Norm;Sawyer
8;5;CompShg;0;0;Gd;0;Av;0;1234;0;Gd;179900;11049;Norm;CollgCr
5;5;CompShg;0;0;TA;1;No;1018;1700;0;Gd;165500;10552;Norm;NAmes
9;5;CompShg;0;246;Ex;2;No;1153;1561;0;Ex;277500;7313;Norm;NridgHt
8;5;CompShg;0;132;Gd;0;Av;0;1132;1320;Gd;309000;13418;Norm;NridgHt
5;5;CompShg;0;0;TA;1;No;0;1097;0;TA;145000;10859;Norm;CollgCr
5;6;CompShg;0;650;TA;1;No;1213;1297;0;TA;153000;8532;Norm;NAmes
5;7;CompShg;0;0;TA;1;No;731;1057;0;Gd;109000;7922;Norm;NAmes
4;5;CompShg;0;0;TA;1;NA;0;1152;0;Fa;82000;6040;Norm;Edwards
6;5;CompShg;0;101;TA;1;No;643;1324;0;TA;160000;8658;Norm;NAmes
5;6;CompShg;0;0;TA;1;Gd;967;1328;0;TA;170000;16905;Norm;Timber
5;7;CompShg;0;0;TA;1;Av;747;884;0;Gd;144000;9180;Norm;SawyerW
5;6;CompShg;0;0;TA;1;Av;280;938;0;TA;130250;9200;Norm;CollgCr
5;6;CompShg;0;0;TA;1;No;179;1150;0;TA;141000;7945;Norm;NAmes
9;5;CompShg;0;412;Ex;2;No;456;1752;0;Ex;319900;7658;Norm;NridgHt
7;5;CompShg;0;0;Gd;0;No;1351;1518;631;Gd;239686;12822;Norm;Mitchel
8;5;CompShg;0;0;Gd;0;Av;24;1656;0;Gd;249700;11096;Norm;Somerst
4;5;CompShg;0;0;TA;1;No;0;736;716;TA;113000;4456;Norm;OldTown
5;7;CompShg;0;0;TA;1;No;763;955;0;TA;127000;7742;Norm;Sawyer
6;6;CompShg;0;0;TA;1;Av;182;794;676;TA;177000;13869;Norm;Gilbert
6;6;CompShg;0;0;TA;1;No;0;816;0;TA;114500;6240;Norm;BrkSide
5;5;CompShg;0;0;Fa;3;Gd;104;816;0;TA;110000;8472;Norm;IDOTRR
9;5;WdShngl;1;0;Gd;0;Gd;1810;1842;0;Gd;385000;50271;Norm;Veenker
5;5;CompShg;0;0;TA;1;No;384;1360;0;TA;130000;7134;Norm;NAmes
6;5;CompShg;0;272;TA;1;No;490;1425;0;TA;180500;10175;Norm;NAmes
8;5;CompShg;0;456;Gd;0;No;649;983;756;Gd;172500;2645;Norm;Somerst
7;5;CompShg;0;0;Gd;0;No;0;860;860;Gd;196500;11645;Norm;CollgCr
10;5;CompShg;0;1031;Ex;2;Gd;0;1426;1519;Gd;438780;13682;Norm;StoneBr
5;7;CompShg;0;0;TA;1;Av;632;780;0;TA;124900;7200;Norm;CollgCr
6;5;CompShg;0;0;TA;1;No;941;1158;0;Gd;158000;13072;Norm;SawyerW
5;7;CompShg;0;0;TA;1;No;0;581;530;Fa;101000;7200;Norm;IDOTRR
8;5;CompShg;0;178;Gd;0;Mn;24;1370;0;Gd;202500;6442;Norm;NridgHt
7;6;CompShg;0;0;TA;1;No;0;902;808;TA;140000;10300;Feedr;OldTown
7;5;CompShg;0;573;TA;1;No;739;1057;977;Gd;219500;9375;Norm;CollgCr
8;5;CompShg;0;344;Gd;0;Av;0;1143;1330;Gd;317000;9591;Norm;NridgHt
7;5;CompShg;0;287;TA;1;Gd;912;2207;0;TA;180000;19900;Norm;NAmes
7;5;CompShg;0;167;Gd;0;Av;1013;1479;0;Gd;226000;10665;Norm;CollgCr
4;6;CompShg;0;0;TA;1;No;0;747;0;TA;80000;4608;Norm;OldTown
7;4;CompShg;0;0;Gd;0;No;603;1304;983;TA;225000;15593;Norm;ClearCr
7;6;CompShg;0;1115;TA;1;Gd;1880;2223;0;TA;244000;13651;Norm;NAmes
4;6;CompShg;0;0;TA;1;No;565;845;0;TA;129500;7599;Norm;Mitchel
7;5;CompShg;0;40;TA;1;No;0;885;833;TA;185000;10141;Norm;Gilbert
5;7;CompShg;0;104;TA;1;No;320;1086;0;TA;144900;10200;Norm;NAmes
3;6;CompShg;0;0;Gd;0;No;0;840;765;TA;107400;5790;Norm;OldTown
4;5;CompShg;0;0;TA;1;Gd;462;526;462;TA;91000;1596;Norm;MeadowV
4;7;CompShg;0;0;TA;1;No;228;952;0;TA;135750;8475;Norm;NAmes
5;5;CompShg;0;0;TA;1;No;336;1072;213;TA;127000;8635;Norm;BrkSide
4;5;CompShg;0;0;TA;1;No;0;1768;0;TA;136500;10778;Norm;Sawyer
5;6;CompShg;0;0;TA;1;No;0;682;548;TA;110000;10440;Norm;OldTown
6;6;CompShg;0;576;TA;1;No;448;1182;960;Gd;193500;13000;Norm;NAmes
6;5;CompShg;0;443;TA;1;No;1201;1337;0;TA;153500;4500;Norm;Mitchel
8;5;CompShg;0;468;TA;1;No;33;1563;0;Gd;245000;10206;Norm;Somerst
5;5;CompShg;0;66;TA;1;No;0;1065;0;TA;126500;8892;Norm;NAmes
7;5;CompShg;0;22;TA;1;No;0;804;670;TA;168500;8530;Norm;Gilbert
8;5;CompShg;0;284;Gd;0;No;0;1301;1116;Gd;260000;16059;Norm;NoRidge
6;5;CompShg;0;0;Gd;0;Av;0;684;876;Gd;174000;11911;Norm;Gilbert
6;5;CompShg;0;76;Gd;0;Av;0;612;612;Gd;164500;3951;Norm;Somerst
3;2;CompShg;0;0;Fa;3;No;0;1013;0;Fa;85000;8470;Feedr;IDOTRR
4;5;CompShg;0;0;TA;1;No;588;990;0;TA;123600;8070;Norm;CollgCr
4;5;CompShg;0;0;TA;1;NA;0;1040;0;TA;109900;7200;Norm;NAmes
5;3;CompShg;0;203;TA;1;No;600;1235;0;TA;98600;8500;Norm;NAmes
5;7;CompShg;0;0;TA;1;No;713;964;0;TA;163500;13360;Norm;Crawfor
6;6;CompShg;0;0;TA;1;Mn;1046;1260;1031;TA;133900;7200;Norm;OldTown
6;5;CompShg;0;0;TA;1;No;648;905;881;Gd;204750;9337;Norm;CollgCr
6;8;CompShg;0;68;Ex;2;No;310;680;790;TA;185000;9765;Norm;Gilbert
7;5;CompShg;0;183;Gd;0;Av;1162;1588;0;Gd;214000;10264;Norm;CollgCr
4;5;CompShg;0;48;TA;1;No;520;960;0;TA;94750;10921;Norm;Edwards
5;5;CompShg;0;0;TA;1;No;108;835;0;TA;83000;10625;Norm;Edwards
4;5;CompShg;0;0;TA;1;No;569;1225;0;TA;128950;9320;Norm;NAmes
6;7;CompShg;0;28;TA;1;Mn;1200;1610;0;Gd;205000;10603;Norm;NWAmes
6;5;CompShg;0;336;Gd;0;No;0;977;755;Gd;178000;9206;Norm;SawyerW
5;5;CompShg;0;0;TA;1;NA;0;1535;0;TA;118964;7018;Norm;SawyerW
7;5;CompShg;0;0;TA;1;No;0;1226;0;Gd;198900;10402;Norm;CollgCr
7;4;CompShg;0;600;TA;1;No;224;1226;592;TA;169500;7758;Norm;IDOTRR
8;5;CompShg;0;768;Gd;0;No;0;1053;939;Gd;250000;9375;Norm;Somerst
4;7;CompShg;0;0;TA;1;No;0;1047;0;TA;100000;10800;Norm;OldTown
5;5;CompShg;0;0;TA;1;No;104;789;0;TA;115000;6000;Norm;OldTown
5;7;CompShg;0;0;TA;1;No;0;997;520;Fa;115000;8500;Norm;IDOTRR
6;6;CompShg;0;480;TA;1;No;705;1844;0;TA;190000;11751;Norm;NWAmes
6;4;CompShg;0;0;TA;1;No;444;1216;639;TA;136900;9525;Norm;Edwards
7;5;CompShg;0;0;TA;1;No;250;774;656;TA;180000;7750;Norm;Gilbert
7;5;CompShg;0;220;Gd;0;Av;984;1282;1414;Ex;383970;9965;Norm;CollgCr
6;5;CompShg;0;184;TA;1;Mn;35;2259;0;Gd;217000;21000;Norm;Crawfor
6;8;CompShg;0;0;TA;1;No;774;1436;884;Gd;259500;7259;Norm;Crawfor
6;5;CompShg;0;1129;TA;1;No;419;729;729;TA;176000;3230;Norm;Somerst
5;5;CompShg;0;116;TA;1;No;170;1092;0;TA;139000;11616;Norm;Sawyer
5;5;CompShg;0;0;TA;1;No;0;1125;0;TA;155000;8536;Norm;Edwards
7;5;CompShg;0;0;TA;1;Mn;1470;1699;1523;Gd;320000;12376;Norm;SawyerW
6;5;CompShg;0;0;Gd;0;No;0;728;728;Gd;163990;8461;Norm;CollgCr
6;5;Metal;2;0;TA;1;Gd;938;988;0;TA;180000;21453;Norm;ClearCr
4;5;CompShg;0;0;TA;1;No;0;772;351;TA;100000;6060;Norm;IDOTRR
6;7;CompShg;0;135;TA;1;No;570;1080;0;TA;136000;9464;Norm;NAmes
6;5;CompShg;0;0;Gd;0;No;300;1199;0;Gd;153900;7892;Norm;SawyerW
6;5;CompShg;0;0;TA;1;No;0;1586;0;TA;181000;17043;Norm;NWAmes
6;8;CompShg;0;0;TA;1;Av;490;520;0;TA;84500;6780;Norm;IDOTRR
6;5;CompShg;0;0;TA;1;No;120;958;0;TA;128000;4928;Norm;NPkVill
5;7;CompShg;0;0;TA;1;No;116;840;0;TA;87000;4388;Norm;OldTown
6;5;CompShg;0;266;TA;1;No;512;660;688;TA;155000;7590;Norm;NAmes
5;7;CompShg;0;85;TA;1;No;567;1053;0;Ex;150000;8973;Norm;NAmes
7;6;CompShg;0;309;TA;1;No;445;1216;941;Gd;226000;14200;Norm;NAmes
6;5;CompShg;0;40;Gd;0;No;695;1022;1032;Gd;244000;12224;Norm;Gilbert
5;6;CompShg;0;0;TA;1;No;405;1327;0;Gd;150750;7388;Norm;NAmes
8;5;CompShg;0;136;Gd;0;No;1005;1296;0;Gd;220000;6853;Norm;Timber
5;6;CompShg;0;0;TA;1;No;570;1721;0;TA;180000;10335;Norm;Sawyer
7;6;CompShg;0;288;TA;1;No;0;1682;0;TA;174000;10400;Norm;NWAmes
5;5;CompShg;0;196;TA;1;No;695;1214;0;TA;143000;10355;Norm;NAmes
7;5;CompShg;0;70;TA;1;No;0;1959;0;TA;171000;11070;Norm;Mitchel
8;5;CompShg;0;320;Gd;0;Mn;668;1004;848;Gd;230000;9066;Norm;CollgCr
6;5;CompShg;0;0;TA;1;No;821;928;836;Gd;231500;15426;Norm;CollgCr
4;5;CompShg;0;0;TA;1;No;432;864;0;TA;115000;10500;Norm;NAmes
7;5;CompShg;0;0;Gd;0;Av;1300;1734;0;Gd;260000;11645;Norm;CollgCr
5;4;CompShg;0;0;TA;1;No;507;910;475;TA;166000;8520;Norm;NAmes
7;5;CompShg;0;183;Gd;0;Gd;679;1501;0;Gd;204000;10335;Norm;CollgCr
5;5;CompShg;0;336;TA;1;No;1332;1728;0;TA;125000;9100;Norm;Sawyer
6;5;CompShg;0;50;Gd;0;No;0;970;739;Gd;130000;2522;Norm;Edwards
5;7;CompShg;0;0;TA;1;No;209;875;0;TA;105000;6120;Norm;BrkSide
7;5;CompShg;0;180;Gd;0;No;0;884;1151;Gd;222500;9505;Norm;Gilbert
7;5;CompShg;0;120;TA;1;No;680;1080;0;Gd;141000;7500;Norm;SawyerW
5;4;CompShg;0;0;TA;1;No;0;896;448;TA;115000;6240;Norm;BrkSide
5;6;CompShg;0;0;TA;1;Av;716;969;0;TA;122000;10356;Norm;CollgCr
8;5;CompShg;0;436;Gd;0;Gd;1400;1710;0;Gd;372402;13891;Norm;NridgHt
6;5;CompShg;0;252;TA;1;No;416;1097;896;TA;190000;14803;Norm;NWAmes
6;7;CompShg;0;0;TA;1;Gd;429;1252;0;TA;235000;13500;Norm;ClearCr
6;5;CompShg;0;0;TA;1;No;0;1200;0;TA;125000;11340;Norm;OldTown
6;5;CompShg;0;0;TA;1;No;0;572;524;TA;79000;9600;Norm;Edwards
5;7;CompShg;0;0;TA;1;NA;0;1040;0;TA;109500;7200;Norm;NAmes
8;5;CompShg;0;84;Gd;0;No;0;774;1194;Ex;269500;12003;Norm;Timber
7;5;CompShg;0;0;Gd;0;No;222;991;956;Gd;254900;12552;Norm;Somerst
7;5;CompShg;0;456;Gd;0;Mn;57;1392;1070;Gd;320000;19378;Norm;Gilbert
6;6;CompShg;0;0;TA;1;No;660;1232;0;TA;162500;11120;Norm;Veenker
9;5;CompShg;0;664;Gd;0;Av;1016;1572;1096;Ex;412500;13688;Norm;NridgHt
7;5;CompShg;0;226;Gd;0;Mn;1201;1541;0;Gd;220000;12182;Norm;NridgHt
4;6;CompShg;0;0;TA;1;No;0;882;0;TA;103200;5500;Norm;OldTown
6;7;CompShg;0;0;TA;1;Mn;370;1149;467;Gd;152000;5400;Norm;OldTown
5;7;CompShg;0;0;TA;1;No;351;808;547;TA;127500;10106;Norm;Edwards
5;5;CompShg;0;0;Gd;0;No;379;1867;0;TA;190000;10708;Norm;ClearCr
8;5;CompShg;0;300;Gd;0;No;1288;1610;551;Ex;325624;10562;Norm;NridgHt
7;5;CompShg;0;0;Gd;0;No;0;840;880;Gd;183500;8244;Norm;Gilbert
8;6;WdShake;3;653;Gd;0;No;0;1707;0;TA;228000;16669;Norm;Timber
5;6;CompShg;0;0;TA;1;No;360;854;0;TA;128500;12358;Norm;OldTown
6;5;CompShg;0;112;TA;1;Gd;639;1656;0;TA;215000;31770;Norm;NAmes
7;7;CompShg;0;0;Gd;0;No;495;1064;703;Gd;239000;5306;Norm;StoneBr
6;5;CompShg;0;491;TA;1;No;288;1362;0;TA;163000;10197;Norm;NAmes
6;5;CompShg;0;132;TA;1;No;1398;1651;0;TA;184000;12416;Norm;Timber
6;7;CompShg;0;0;TA;1;Av;477;2158;0;Gd;243000;12615;Norm;Edwards
6;5;CompShg;0;268;Gd;0;No;831;1164;896;TA;211000;10029;Norm;ClearCr
5;5;CompShg;0;0;Gd;0;No;57;1252;668;Gd;172500;13650;Norm;Sawyer
9;5;CompShg;0;748;Ex;2;No;1904;2234;0;Ex;501837;17423;Norm;StoneBr
5;6;CompShg;0;0;Gd;0;No;0;968;0;TA;100000;8520;Norm;OldTown
6;5;CompShg;0;456;Gd;0;No;436;769;756;Gd;177000;2117;Norm;Somerst
7;6;CompShg;0;0;TA;1;No;352;901;901;TA;200100;7588;Norm;Crawfor
5;6;CompShg;0;98;TA;1;NA;0;1340;0;TA;120000;9060;Norm;Edwards
7;5;CompShg;0;0;TA;1;No;0;1362;720;Gd;200000;11426;Norm;OldTown
5;8;CompShg;0;0;TA;1;No;0;936;316;TA;127000;7438;Feedr;BrkSide
10;9;WdShngl;1;0;Gd;0;Mn;0;1518;1518;Ex;475000;22950;Norm;OldTown
7;5;CompShg;0;0;TA;1;Av;611;1217;0;Gd;173000;9947;Norm;Mitchel
5;7;CompShg;0;0;TA;1;No;0;808;704;TA;135000;10410;Norm;OldTown
5;5;CompShg;0;275;TA;1;Av;1086;1224;0;TA;153337;7018;Norm;SawyerW
8;5;CompShg;0;0;Gd;0;Av;1153;1593;0;Ex;286000;4923;Norm;StoneBr
8;8;CompShg;0;0;Gd;0;No;297;1549;1178;Gd;315000;10570;Norm;Crawfor
7;9;CompShg;0;138;TA;1;No;626;725;754;Gd;184000;7472;Norm;NAmes
7;5;CompShg;0;0;Gd;0;Av;560;1431;0;Gd;192000;9017;Norm;CollgCr
7;5;CompShg;0;50;Gd;0;No;0;970;739;Gd;130000;2522;Norm;Edwards
5;7;CompShg;0;0;TA;1;Av;390;864;0;TA;127000;7180;Norm;CollgCr
6;6;CompShg;0;0;TA;1;No;566;855;601;TA;148500;2280;Norm;NPkVill
7;5;CompShg;0;205;Ex;2;No;1126;1726;0;Ex;311872;9416;Norm;Somerst
8;4;CompShg;0;0;Gd;0;No;1036;1360;1360;Gd;235000;25419;Norm;NAmes
6;6;CompShg;0;0;TA;1;No;0;929;929;TA;104000;5520;Norm;OldTown
8;5;CompShg;0;262;Gd;0;Av;1088;1713;0;Ex;274900;9591;Norm;NridgHt
4;5;CompShg;0;0;TA;1;No;0;1121;0;TA;140000;8546;Norm;Edwards
6;6;CompShg;0;0;TA;1;No;641;1279;0;TA;171500;10125;Norm;Mitchel
6;6;CompShg;0;0;TA;1;No;617;865;445;TA;112000;7000;Norm;OldTown
6;5;CompShg;0;205;Gd;0;Av;662;848;0;Gd;149000;4438;Norm;CollgCr
5;7;CompShg;0;0;TA;1;No;312;720;564;TA;110000;3500;Norm;OldTown
7;5;CompShg;0;0;TA;1;No;0;1442;0;TA;180500;11851;Norm;Gilbert
5;5;CompShg;0;0;TA;1;No;0;1696;0;TA;143900;13673;Norm;Sawyer
4;5;CompShg;0;0;TA;1;No;419;1100;0;TA;141000;12493;Norm;NAmes
7;5;CompShg;0;128;Gd;0;Gd;1065;1180;882;TA;277000;14364;Norm;SawyerW
6;7;CompShg;0;260;TA;1;No;787;1092;0;TA;145000;8250;Norm;NAmes
5;6;CompShg;0;0;TA;1;No;468;864;0;TA;98000;5604;Norm;Edwards
6;5;CompShg;0;0;TA;1;Mn;36;1212;0;Gd;186000;10420;Norm;Edwards
7;5;CompShg;0;0;TA;1;No;822;932;920;Gd;252678;8640;Norm;Somerst
5;5;CompShg;0;0;TA;1;No;716;990;0;TA;156000;13568;Norm;CollgCr
6;7;CompShg;0;153;TA;1;No;378;689;703;TA;161750;10900;Norm;CollgCr
5;6;CompShg;0;64;TA;1;No;360;1236;0;Gd;134450;10011;Norm;NAmes
7;5;CompShg;0;266;Gd;0;Mn;946;1436;0;Gd;210000;8450;Norm;CollgCr
4;4;CompShg;0;0;TA;1;No;0;810;518;TA;107000;9906;Norm;OldTown
7;9;CompShg;0;312;Gd;0;No;341;1137;817;Gd;311500;15660;Norm;Crawfor
7;5;CompShg;0;16;Gd;0;Av;16;1248;0;Gd;167240;3010;Norm;Blmngtn
7;5;CompShg;0;0;Gd;0;Mn;0;1498;0;Gd;204900;8990;Norm;CollgCr
6;5;CompShg;0;0;Gd;0;No;0;1010;1257;Gd;200000;8068;Norm;Gilbert
6;6;CompShg;0;0;TA;1;No;550;811;741;TA;179900;11475;Norm;NWAmes
4;6;CompShg;0;0;TA;1;No;524;864;0;TA;97000;10500;Norm;NAmes
10;5;CompShg;0;922;Ex;2;Gd;56;2392;0;Ex;386250;13472;Norm;NridgHt
5;5;CompShg;0;142;TA;1;No;0;630;672;TA;112000;1680;Norm;BrDale
7;5;CompShg;0;290;Gd;0;No;565;1214;1306;Gd;290000;9950;Norm;NoRidge
6;6;CompShg;0;127;TA;1;No;321;483;504;TA;106000;1869;Norm;BrDale
5;5;CompShg;0;0;TA;1;No;842;912;0;TA;125000;8521;Norm;Sawyer
7;5;CompShg;0;16;Gd;0;Av;16;1555;0;Gd;192500;3182;Norm;Blmngtn
6;6;CompShg;0;220;TA;1;No;0;1194;0;TA;148000;8760;Norm;NAmes
8;5;CompShg;0;506;Gd;0;No;689;1490;1304;Ex;403000;15138;Norm;NoRidge
6;5;CompShg;0;297;TA;1;No;0;483;504;TA;94500;1680;Norm;BrDale
5;6;CompShg;0;0;TA;1;Av;182;894;0;TA;128200;10650;Norm;CollgCr
6;5;CompShg;0;NA;Gd;0;No;625;860;1100;Gd;216500;7851;Norm;Gilbert
6;3;CompShg;0;604;TA;1;No;358;483;504;TA;89500;1680;Norm;BrDale
7;5;CompShg;0;98;Gd;0;Av;24;1414;0;Gd;185500;8773;Norm;CollgCr
7;7;CompShg;0;0;Gd;0;No;402;1014;730;Gd;194500;9453;Norm;SawyerW
8;5;CompShg;0;254;Ex;2;No;0;1694;0;Gd;318000;12030;Norm;NridgHt
6;4;CompShg;0;0;TA;1;No;94;798;689;TA;113000;8741;Norm;Edwards
8;5;CompShg;0;36;Gd;0;Av;1078;1566;0;Gd;262500;9000;Norm;Somerst
5;9;CompShg;0;0;TA;1;No;329;866;0;Gd;110500;3880;Norm;OldTown
5;4;CompShg;0;0;TA;1;No;0;889;551;TA;79000;5000;Norm;OldTown
6;6;CompShg;0;0;TA;1;No;0;626;591;TA;120000;10762;Norm;SawyerW
7;5;CompShg;0;0;Gd;0;No;695;1222;888;Gd;205000;8880;Norm;SawyerW
7;5;CompShg;0;102;TA;1;Av;929;1872;0;TA;241500;10400;Norm;NWAmes
6;8;CompShg;0;0;TA;1;No;0;908;1020;Fa;137000;9142;Norm;OldTown
6;5;CompShg;0;0;TA;1;No;0;1375;0;TA;140000;11310;Norm;NAmes
7;5;CompShg;0;101;Gd;0;No;0;840;828;Gd;180000;11317;Norm;CollgCr
6;7;CompShg;0;472;Gd;0;Gd;697;1444;700;Gd;277000;159000;Norm;ClearCr
3;2;CompShg;0;0;TA;1;No;0;1306;0;Fa;76500;5350;Norm;BrkSide
8;5;CompShg;0;481;Gd;0;Gd;1573;1625;0;Gd;235000;4750;Norm;Crawfor
6;5;CompShg;0;0;Gd;0;No;0;798;842;Gd;173000;8366;Norm;SawyerW
6;7;CompShg;0;108;TA;1;Gd;270;1302;0;Gd;158000;9350;Norm;NAmes
5;6;CompShg;0;0;TA;1;No;922;1314;0;TA;145000;8400;Norm;NAmes
7;5;CompShg;0;302;Gd;0;No;0;1005;1286;Gd;230000;8738;Norm;Gilbert
6;5;CompShg;0;0;Gd;0;No;503;864;864;Gd;207500;8791;Norm;Somerst
7;5;CompShg;0;180;Gd;0;No;1334;1604;0;Gd;220000;8814;Norm;CollgCr
7;5;CompShg;0;172;Gd;0;No;361;963;829;Gd;231500;12435;Norm;CollgCr
5;5;CompShg;0;0;TA;1;NA;0;882;0;TA;97000;12702;Norm;OldTown
6;5;CompShg;0;399;TA;1;Gd;672;1382;0;TA;176000;19296;Norm;NAmes
8;5;CompShg;0;270;Gd;0;No;0;1482;1092;Ex;276000;9588;Norm;CollgCr
6;7;CompShg;0;46;TA;1;Av;506;1212;0;TA;151000;8471;Norm;Sawyer
5;7;CompShg;0;0;TA;1;No;234;926;0;TA;130000;5500;Norm;OldTown
5;5;CompShg;0;0;TA;1;No;0;764;0;TA;73000;5232;Norm;OldTown
6;6;CompShg;0;210;TA;1;No;588;1422;0;Gd;175500;12090;Norm;NWAmes
6;5;CompShg;0;0;TA;1;Av;714;802;709;TA;185000;11207;Norm;Gilbert
5;8;CompShg;0;0;TA;1;No;378;1052;720;Gd;179500;8400;Norm;SWISU
5;6;CompShg;0;0;TA;1;No;403;778;0;TA;120500;6900;Norm;IDOTRR
6;7;CompShg;0;174;TA;1;No;751;1113;0;TA;148000;7917;Norm;Edwards
8;5;CompShg;0;0;Gd;0;Mn;0;1095;844;Gd;266000;10728;Norm;Somerst
7;7;Membran;4;0;TA;1;Gd;226;1363;0;TA;241500;39104;Norm;ClearCr
8;7;CompShg;0;348;Gd;0;No;524;1164;1106;Gd;290000;11764;Norm;NoRidge
6;6;CompShg;0;183;TA;1;No;620;1632;0;TA;139000;9600;Norm;NAmes
5;7;CompShg;0;0;TA;1;Gd;546;816;0;TA;124500;8314;Norm;Mitchel
7;7;CompShg;0;0;Gd;0;No;0;952;596;Ex;205000;7264;Norm;BrkSide
7;5;CompShg;0;0;Gd;0;No;0;1560;0;Gd;201000;9196;Norm;Mitchel
4;5;CompShg;0;0;TA;1;No;120;864;0;TA;141000;19138;Norm;Gilbert
9;5;CompShg;0;315;Ex;2;Gd;0;2121;0;Ex;415298;14450;Norm;NridgHt
7;5;CompShg;0;299;TA;1;No;392;1156;866;TA;192000;10005;Norm;ClearCr
7;6;CompShg;0;340;Gd;0;Av;421;1175;807;Gd;228500;11287;Norm;SawyerW
6;5;CompShg;0;68;Gd;0;No;905;1262;0;Gd;185000;7200;Norm;Somerst
7;5;CompShg;0;166;Gd;0;No;904;1314;0;Gd;207500;5063;Norm;NridgHt
8;5;CompShg;0;72;Gd;0;No;0;1468;0;Gd;244600;9612;Norm;Somerst
6;5;CompShg;0;0;Gd;0;No;430;1575;0;Gd;179200;8012;Norm;SawyerW
7;5;CompShg;0;0;Gd;0;No;0;625;625;Gd;164700;4251;Norm;Somerst
6;7;CompShg;0;0;TA;1;No;600;1085;649;Gd;159000;9786;Norm;NAmes
4;4;CompShg;0;0;TA;1;No;614;858;0;TA;88000;8125;Norm;NAmes
5;5;CompShg;0;31;TA;1;No;450;900;0;TA;122000;9819;Norm;Sawyer
6;7;CompShg;0;0;TA;1;No;0;698;698;TA;153575;8730;Norm;BrkSide
8;5;CompShg;0;0;Gd;0;Av;0;1079;840;Gd;233230;15611;Norm;CollgCr
5;6;CompShg;0;0;TA;1;No;210;936;780;Fa;135900;5687;Norm;SWISU
5;4;CompShg;0;0;TA;1;No;292;1148;568;TA;131000;11409;Norm;Edwards
7;7;CompShg;0;34;TA;1;No;795;1468;795;Gd;235000;16659;Norm;NWAmes
6;5;CompShg;0;238;TA;1;No;1285;1644;0;TA;167000;9600;Norm;NAmes
6;6;CompShg;0;0;TA;1;Av;819;1003;0;TA;142500;7937;Norm;Mitchel
5;5;CompShg;0;0;TA;1;No;420;910;648;TA;152000;13710;Norm;IDOTRR
7;5;CompShg;0;1600;Gd;0;No;649;975;975;Gd;239000;7399;Norm;Somerst
6;6;CompShg;0;365;Gd;0;No;384;1041;702;TA;175000;11700;Norm;NWAmes
6;8;CompShg;0;0;TA;1;No;0;1152;0;Gd;158500;14000;Norm;Crawfor
5;5;CompShg;0;56;TA;1;Mn;841;1336;0;TA;157000;15750;Norm;Crawfor
8;5;CompShg;0;0;Gd;0;No;281;1210;1242;Gd;267000;16226;Norm;CollgCr
7;5;CompShg;0;150;Gd;0;No;0;1541;0;Gd;205000;13704;Norm;CollgCr
5;7;CompShg;0;0;TA;1;No;894;894;0;TA;149900;9800;Norm;CollgCr
7;9;CompShg;0;0;TA;1;No;0;1675;1818;Gd;295000;18386;Norm;OldTown
8;5;CompShg;0;246;Gd;0;No;1464;2000;0;Gd;305900;10386;Norm;CollgCr
7;5;CompShg;0;246;Gd;0;No;700;1122;1121;Gd;225000;13474;Norm;SawyerW
6;7;CompShg;0;0;TA;1;No;0;1035;371;Fa;89500;7920;Norm;IDOTRR
4;5;CompShg;0;0;TA;1;No;262;861;0;TA;82500;12342;Norm;Edwards
9;5;CompShg;0;0;Gd;0;Gd;1274;1944;0;Ex;360000;12378;Norm;NridgHt
6;5;CompShg;0;112;TA;1;No;518;697;804;Gd;165600;7685;Norm;Gilbert
6;6;CompShg;0;0;TA;1;No;680;972;0;TA;132000;8000;Norm;NAmes
5;7;CompShg;0;0;TA;1;Mn;507;793;325;TA;119900;7800;Norm;OldTown
7;5;CompShg;0;0;TA;1;Gd;1236;2036;0;TA;375000;215245;Norm;Timber
7;7;CompShg;0;0;TA;1;No;16;832;809;Ex;178000;9600;Norm;OldTown
7;5;CompShg;0;0;Gd;0;No;425;716;716;Gd;188500;7795;Norm;Gilbert
7;7;CompShg;0;278;Gd;0;No;692;1153;1200;Ex;260000;13005;Norm;NWAmes
8;5;CompShg;0;0;Gd;0;Av;0;1088;871;Gd;270000;9000;Norm;Somerst
7;5;CompShg;0;256;Gd;0;Gd;987;1372;1274;Gd;260000;9900;Norm;NoRidge
7;5;CompShg;0;225;TA;1;Av;1036;1472;0;TA;187500;14115;Norm;NWAmes
9;5;CompShg;0;370;TA;1;Av;0;1249;1347;Gd;342643;16259;Norm;NridgHt
8;5;CompShg;0;388;Gd;0;Av;970;1136;1332;Gd;354000;12099;Norm;NridgHt
7;5;CompShg;0;172;Gd;0;Gd;28;1553;1177;Gd;301000;10380;Norm;SawyerW
3;8;CompShg;0;0;TA;1;No;256;1163;0;TA;126175;5820;Norm;OldTown
7;7;WdShake;3;300;Gd;0;No;0;1898;1080;Gd;242000;11275;Norm;NAmes
5;6;CompShg;0;0;TA;1;Av;116;803;0;TA;87000;5000;Norm;IDOTRR
8;5;CompShg;0;0;Gd;0;Gd;1619;1719;0;Gd;324000;10846;Norm;Veenker
6;5;CompShg;0;175;TA;1;No;565;1383;0;TA;145250;11600;Norm;NAmes
6;6;CompShg;0;0;TA;1;No;0;1445;689;Gd;214500;11888;Norm;BrkSide
5;5;CompShg;0;0;TA;1;Mn;0;596;596;TA;78000;6402;Norm;IDOTRR
5;4;CompShg;0;84;TA;1;No;40;1728;0;TA;119000;10624;Norm;NAmes
5;6;CompShg;0;0;TA;1;No;846;1056;0;TA;139000;8176;Norm;NAmes
8;5;CompShg;0;296;Gd;0;No;1124;1629;0;Gd;284000;10655;Norm;NridgHt
7;5;CompShg;0;146;Gd;0;Av;720;1358;0;Gd;207000;8198;Norm;NridgHt
6;5;CompShg;0;0;TA;1;Gd;828;943;695;TA;192000;9042;Norm;Gilbert
5;6;CompShg;0;0;TA;1;Gd;1249;1619;167;TA;228950;164660;Norm;Timber
9;5;CompShg;0;200;Gd;0;Gd;1249;1922;0;Gd;377426;14157;Norm;StoneBr
7;5;CompShg;0;113;Gd;0;Av;810;1536;0;Gd;214000;9135;Norm;CollgCr
7;7;CompShg;0;0;Gd;0;Mn;213;1621;0;Gd;202500;14145;Norm;NWAmes
6;7;CompShg;0;176;TA;1;No;585;1215;0;TA;155000;12400;Norm;NAmes
8;5;CompShg;0;0;Gd;0;No;0;993;915;Gd;202900;14191;Norm;Timber
4;4;CompShg;0;0;Fa;3;No;0;841;0;TA;82000;8400;Norm;SawyerW
3;4;CompShg;0;340;TA;1;NA;0;1040;0;TA;87500;8544;Norm;NAmes
9;5;CompShg;0;616;Ex;2;No;28;1684;0;Ex;266000;8849;Norm;NridgHt
5;3;CompShg;0;0;TA;1;No;129;536;576;TA;85000;2592;Norm;MeadowV
6;5;CompShg;0;0;TA;1;No;0;972;605;Fa;140200;6435;Norm;BrkSide
6;8;CompShg;0;0;TA;1;Mn;498;958;0;TA;151500;12772;Norm;NAmes
6;5;CompShg;0;30;TA;1;No;1270;1478;0;TA;157500;17600;Norm;NAmes
7;5;CompShg;0;106;Gd;0;No;573;764;862;Gd;154000;2448;Norm;NridgHt
9;5;CompShg;0;870;Ex;2;No;1410;1848;880;Ex;437154;20431;Norm;NridgHt
9;5;CompShg;0;362;Ex;2;No;0;1869;0;Ex;318061;7820;Norm;NridgHt
7;5;CompShg;0;0;TA;1;Gd;1082;1453;0;Gd;190000;5271;Norm;ClearCr
5;6;CompShg;0;0;TA;1;Mn;236;616;495;TA;95000;9084;Norm;Edwards
6;8;CompShg;0;0;TA;1;No;0;720;0;TA;105900;8520;Norm;OldTown
6;5;CompShg;0;0;TA;1;No;388;1192;403;TA;140000;8400;Norm;SWISU
6;5;CompShg;0;0;Gd;0;No;334;1200;0;Gd;177500;11249;Norm;CollgCr
6;6;CompShg;0;106;TA;1;No;560;1167;0;Gd;173000;9248;Norm;Gilbert
5;5;CompShg;0;0;TA;1;No;874;1142;0;TA;134000;4224;Norm;MeadowV
5;4;CompShg;0;120;TA;1;Av;300;1352;0;Gd;130000;6930;Norm;ClearCr
8;5;CompShg;0;530;Gd;0;Av;956;1086;838;Gd;280000;12011;Norm;NoRidge
6;6;CompShg;0;0;TA;1;Av;773;912;0;TA;156000;7540;Norm;Mitchel
5;5;CompShg;0;0;TA;1;No;399;988;517;TA;145000;9144;Norm;BrkSide
7;5;CompShg;0;500;Gd;0;NA;0;495;1427;Gd;198500;7301;Norm;Edwards
6;8;CompShg;0;510;TA;1;No;162;483;504;Gd;118000;1680;Norm;BrDale
6;5;CompShg;0;120;TA;1;Mn;712;790;784;TA;190000;18800;Norm;NWAmes
5;7;CompShg;0;0;TA;1;No;456;672;672;TA;147000;10690;Norm;IDOTRR
6;5;CompShg;0;247;TA;1;No;609;1394;0;TA;159000;9500;Norm;NAmes
6;5;Tar&Grv;7;305;TA;1;Gd;371;1431;0;TA;165000;9150;Norm;NAmes
5;6;CompShg;0;200;TA;1;No;540;1268;0;TA;132000;7800;Norm;NAmes
5;7;CompShg;0;0;TA;1;No;72;1287;0;Gd;162000;9830;Norm;NAmes
6;5;CompShg;0;0;TA;1;No;0;953;711;TA;172400;8121;Norm;Gilbert
4;4;CompShg;0;0;TA;1;NA;0;1120;468;TA;134432;17120;Norm;ClearCr
6;5;CompShg;0;0;TA;1;No;623;752;0;TA;125000;7175;Norm;SawyerW
5;6;CompShg;0;0;TA;1;No;428;1319;0;TA;123000;10634;Norm;NAmes
7;5;CompShg;0;0;Gd;0;No;0;847;1081;Gd;219500;8200;Norm;CollgCr
1;1;CompShg;0;0;Fa;3;Gd;350;904;0;Fa;61000;10020;Norm;Edwards
5;5;CompShg;0;0;Gd;0;Av;298;914;0;TA;148000;8846;Norm;CollgCr
8;5;CompShg;0;0;Gd;0;No;0;1580;886;Gd;340000;11143;Norm;Somerst
9;2;CompShg;0;350;Gd;0;Av;1445;1856;0;Ex;394432;11394;Norm;StoneBr
6;5;CompShg;0;16;TA;1;No;0;1007;793;TA;179000;8123;Norm;Gilbert
5;6;CompShg;0;0;TA;1;No;218;1026;665;Gd;127000;5000;Norm;SWISU
7;5;CompShg;0;0;Gd;0;No;0;1301;0;Gd;187750;7200;Norm;Somerst
7;5;CompShg;0;0;Gd;0;Av;0;939;858;Gd;213500;9245;Norm;CollgCr
6;3;CompShg;0;0;TA;1;No;0;784;0;TA;76000;9000;Norm;SawyerW
6;5;CompShg;0;0;Gd;0;Av;985;1079;874;Gd;240000;53107;Norm;ClearCr
8;5;CompShg;0;16;Gd;0;No;24;1269;0;Gd;192000;3182;Norm;Blmngtn
5;3;CompShg;0;0;TA;1;No;0;658;526;TA;81000;8410;Norm;Edwards
6;6;CompShg;0;255;TA;1;Av;631;1125;0;TA;125000;7200;Norm;Edwards
7;5;CompShg;0;125;Gd;0;No;0;1479;0;Gd;191000;9382;Norm;CollgCr
10;5;CompShg;0;272;Ex;2;Av;1280;1742;590;Ex;426000;12474;Norm;NridgHt
5;8;CompShg;0;0;TA;1;No;241;961;406;TA;119000;8405;Norm;Edwards
6;5;CompShg;0;0;TA;1;No;690;804;1157;Gd;215000;12209;Norm;Mitchel
5;7;CompShg;0;0;TA;1;NA;0;882;0;TA;106500;8339;Norm;NAmes
4;5;CompShg;0;0;TA;1;No;266;788;0;TA;100000;7446;Norm;BrkSide
5;6;CompShg;0;0;TA;1;No;0;735;299;TA;109000;10134;Norm;OldTown
5;6;CompShg;0;0;TA;1;Av;739;1144;0;TA;129000;9571;Norm;Edwards
5;5;CompShg;0;0;TA;1;Av;777;894;0;TA;123000;7200;Norm;CollgCr
5;5;CompShg;0;288;TA;1;No;540;876;936;TA;169500;7590;Norm;NAmes
5;2;CompShg;0;0;TA;1;No;0;1077;0;TA;67000;8967;Norm;IDOTRR
7;5;CompShg;0;100;Gd;0;No;812;1112;438;Gd;241000;8125;Norm;Somerst
8;5;CompShg;0;0;Gd;0;No;786;1288;0;Ex;245500;14963;Norm;Veenker
7;5;CompShg;0;0;Gd;0;Av;24;1310;0;Gd;164990;8767;Norm;CollgCr
5;8;CompShg;0;0;TA;1;No;0;672;0;TA;108000;10200;Norm;Sawyer
8;5;CompShg;0;650;Gd;0;No;0;1165;1098;Gd;258000;12090;Norm;NoRidge
6;5;CompShg;0;0;TA;1;No;0;806;766;TA;168000;10364;Norm;Gilbert
4;4;CompShg;0;0;TA;1;No;1116;1620;0;TA;150000;9991;Norm;Sawyer
6;5;CompShg;0;0;TA;1;No;0;1166;0;TA;115000;10480;Norm;SWISU
6;7;CompShg;0;0;TA;1;No;0;840;840;TA;177000;15576;Norm;Crawfor
7;5;CompShg;0;350;Gd;0;No;0;1071;1101;Gd;280000;14154;Norm;NridgHt
8;5;CompShg;0;100;Gd;0;No;789;1050;1028;Ex;339750;10800;Norm;Somerst
5;3;CompShg;0;0;TA;1;No;0;1276;0;TA;60000;9571;Norm;Edwards
5;5;CompShg;0;0;TA;1;Mn;1056;1056;0;TA;145000;34650;Norm;Gilbert
7;5;CompShg;0;432;Ex;2;Av;578;1478;0;Gd;222000;4403;Norm;Somerst
5;6;CompShg;0;0;TA;1;No;0;1028;0;TA;115000;8960;Norm;OldTown
7;5;CompShg;0;0;Gd;0;No;50;1080;1017;Gd;228000;11228;Norm;SawyerW
7;5;CompShg;0;0;Gd;0;Av;24;1340;0;Gd;181134;8899;Norm;Gilbert
6;7;CompShg;0;203;TA;1;No;209;672;728;TA;149500;7844;Norm;Sawyer
6;6;CompShg;0;0;TA;1;No;1128;1370;1254;TA;239000;22420;Norm;Crawfor
5;6;CompShg;0;0;TA;1;No;312;756;378;TA;126000;8160;Norm;Edwards
5;6;CompShg;0;0;TA;1;No;775;1056;0;TA;142000;8450;Norm;NAmes
7;5;CompShg;0;200;TA;1;Gd;1309;1344;0;TA;206300;7060;Norm;Mitchel
6;7;CompShg;0;126;Gd;0;No;1246;1602;0;Gd;215000;16635;Norm;NWAmes
5;5;CompShg;0;0;TA;1;No;0;988;0;TA;113000;21750;Norm;Mitchel
8;5;CompShg;0;473;Gd;0;No;986;1470;1160;Gd;315000;9200;Norm;NoRidge
6;5;CompShg;0;74;TA;1;No;616;1196;0;TA;139000;9000;Norm;NAmes
7;8;CompShg;0;0;TA;1;No;0;707;682;TA;135000;3378;Norm;OldTown
7;5;CompShg;0;145;Gd;0;Gd;1518;1644;0;Gd;275000;12800;Norm;SawyerW
4;6;CompShg;0;0;TA;1;No;288;907;0;TA;109008;8593;Norm;NAmes
7;5;CompShg;0;108;Gd;0;No;664;1208;0;Gd;195400;6762;Norm;CollgCr
6;5;CompShg;0;0;TA;1;Mn;1005;1412;0;Gd;175000;11457;Norm;Timber
6;5;CompShg;0;232;TA;1;No;387;483;504;TA;85400;1680;Norm;BrDale
6;7;CompShg;0;0;TA;1;No;0;1088;110;TA;79900;5586;Norm;OldTown
5;5;CompShg;0;376;TA;1;No;471;765;600;TA;122500;1920;Norm;BrDale
6;5;CompShg;0;0;TA;1;No;0;926;678;TA;181000;10839;Norm;Gilbert
4;7;CompShg;0;0;TA;1;Av;495;630;0;TA;81000;1890;Norm;MeadowV
7;6;CompShg;0;0;Gd;0;Av;385;827;834;Gd;212000;10667;Norm;CollgCr
6;8;CompShg;0;0;TA;1;No;0;734;384;TA;116000;4400;Norm;OldTown
6;7;CompShg;0;0;Gd;0;No;0;904;0;TA;119000;6000;Norm;BrkSide
5;6;CompShg;0;0;TA;1;No;365;694;0;Gd;90350;4280;Norm;Crawfor
6;8;CompShg;0;0;TA;1;Mn;0;684;512;Gd;110000;12354;Norm;Edwards
10;5;CompShg;0;200;Ex;2;Gd;1767;2402;0;Ex;555000;15431;Norm;NridgHt
4;4;CompShg;0;270;TA;1;No;133;1440;0;Fa;118000;12108;Norm;Edwards
5;7;CompShg;0;0;TA;1;No;0;1128;445;TA;162900;6240;Norm;BrkSide
7;5;CompShg;0;72;Gd;0;Av;0;1258;0;Gd;172500;3922;Norm;Blmngtn
7;5;CompShg;0;0;Gd;0;No;642;933;975;Gd;210000;8750;Norm;CollgCr
6;5;CompShg;0;0;TA;1;No;0;1689;0;TA;127500;9855;Norm;Edwards
6;6;CompShg;0;0;Gd;0;No;247;1888;0;Gd;190000;16492;Norm;NAmes
7;5;CompShg;0;0;Gd;0;No;0;956;930;Gd;199900;11214;Norm;Gilbert
6;6;CompShg;0;0;TA;1;No;0;780;596;TA;119500;8600;Norm;IDOTRR
3;7;CompShg;0;0;TA;1;No;331;679;504;TA;120000;6000;Norm;OldTown
6;8;CompShg;0;0;TA;1;No;0;813;0;Gd;110000;5684;Norm;OldTown
7;5;WdShngl;1;0;TA;1;Gd;655;1533;0;Gd;280000;70761;Norm;ClearCr
6;5;CompShg;0;42;Gd;0;No;742;888;868;TA;204000;9303;Norm;Timber
8;5;CompShg;0;0;Gd;0;No;0;786;804;Gd;210000;9000;Norm;Somerst
5;5;CompShg;0;0;TA;1;No;1606;1728;0;TA;188000;9297;Norm;Mitchel
7;6;CompShg;0;320;TA;1;No;916;1242;0;TA;175500;9600;Norm;NWAmes
5;5;CompShg;0;0;TA;1;No;0;624;720;TA;98000;4571;Norm;OldTown
4;6;Tar&Grv;7;0;TA;1;Gd;1116;1663;0;Gd;256000;53227;Norm;ClearCr
8;7;CompShg;0;0;TA;1;No;0;833;833;Gd;161000;5100;Norm;OldTown
5;4;CompShg;0;161;TA;1;No;185;979;224;Gd;110000;7015;Norm;BrkSide
8;5;CompShg;0;110;Gd;0;No;544;832;1103;TA;263435;8004;Norm;Somerst
7;9;CompShg;0;0;Gd;0;No;350;575;560;Gd;155000;7200;Norm;SWISU
5;5;CompShg;0;0;TA;1;No;553;864;0;TA;62383;8281;Norm;Sawyer
6;7;CompShg;0;0;TA;1;No;326;849;811;TA;188700;11988;Norm;Crawfor
5;5;CompShg;0;136;TA;1;No;616;1040;0;TA;124000;8430;Norm;CollgCr
7;5;CompShg;0;18;Gd;0;No;0;1414;0;Gd;178740;3072;Norm;Blmngtn
7;5;Tar&Grv;7;0;TA;1;Gd;778;1277;0;TA;167000;10628;Norm;NAmes
5;7;CompShg;0;224;TA;1;No;386;888;756;Gd;146500;9480;Norm;NAmes
8;5;CompShg;0;248;Gd;0;No;0;1634;0;Gd;250000;11428;Norm;NridgHt
6;5;CompShg;0;120;Gd;0;No;426;832;878;Gd;187000;9291;Norm;SawyerW
8;5;CompShg;0;0;Gd;0;Av;368;1502;0;Gd;212000;6820;Norm;StoneBr
7;6;WdShake;3;0;TA;1;No;0;1161;808;TA;190000;11952;Norm;NWAmes
6;5;CompShg;0;80;TA;1;Gd;459;1072;0;TA;148000;3675;Norm;Edwards
8;5;CompShg;0;304;Gd;0;Gd;1350;1976;0;Gd;440000;14977;Norm;NridgHt
8;5;CompShg;0;0;Gd;0;Av;1196;1652;0;Ex;251000;5330;Norm;StoneBr
5;6;CompShg;0;0;TA;1;No;630;970;0;TA;132500;8480;Norm;Sawyer
6;5;CompShg;0;215;TA;1;Gd;994;1493;0;Gd;208900;13125;Norm;CollgCr
9;5;CompShg;0;772;Ex;2;Av;0;2069;574;Ex;380000;13693;Norm;NridgHt
8;5;CompShg;0;336;Gd;0;Gd;1288;1718;0;Gd;297000;10637;Norm;CollgCr
4;7;CompShg;0;435;TA;1;No;168;1131;0;TA;89471;5925;Norm;OldTown
9;5;CompShg;0;378;Gd;0;Gd;1261;1850;0;Gd;326000;16033;Norm;NridgHt
9;5;CompShg;0;562;Gd;0;Gd;1567;1792;0;Ex;374000;11846;Norm;NridgHt
7;8;CompShg;0;0;Gd;0;No;299;916;910;Ex;155000;2500;Norm;OldTown
6;5;CompShg;0;116;TA;1;No;897;1216;0;TA;164000;4500;Norm;Mitchel
5;7;CompShg;0;0;TA;1;No;588;999;0;Gd;132500;7758;Norm;Sawyer
5;7;CompShg;0;0;Gd;0;No;607;1113;0;Gd;147000;9600;Norm;NAmes
5;7;CompShg;0;168;TA;1;No;836;1073;0;TA;156000;10289;Norm;NAmes
5;6;CompShg;0;0;TA;1;Av;998;1484;0;TA;175000;12243;Norm;NWAmes
5;4;CompShg;0;0;TA;1;No;664;1766;648;TA;160000;10800;Norm;OldTown
4;8;CompShg;0;0;TA;1;Av;515;630;0;Gd;86000;1526;Norm;MeadowV
5;6;CompShg;0;0;TA;1;Mn;0;616;688;TA;115000;2665;Norm;MeadowV
6;7;CompShg;0;0;TA;1;No;403;958;620;Fa;133000;9490;Norm;NAmes
6;5;CompShg;0;0;Gd;0;No;0;728;728;TA;172785;15578;Norm;Gilbert
5;6;CompShg;0;0;TA;1;No;374;1269;0;TA;155000;7931;Norm;NAmes
5;8;CompShg;0;0;TA;1;No;0;886;0;TA;91300;5784;Norm;OldTown
4;5;CompShg;0;0;TA;1;No;495;720;0;TA;34900;7879;Norm;IDOTRR
8;5;CompShg;0;0;Gd;0;No;1231;3228;0;Gd;430000;12692;Norm;NoRidge
7;6;CompShg;0;0;TA;1;No;329;1133;687;TA;184000;9120;Norm;BrkSide
5;7;CompShg;0;89;TA;1;No;450;899;0;Gd;130000;7800;Norm;Sawyer
5;7;CompShg;0;0;TA;1;No;111;912;0;TA;120000;7535;Norm;NAmes
6;5;CompShg;0;285;TA;1;No;356;672;546;TA;113000;1890;Norm;BrDale
7;5;CompShg;0;0;Gd;0;No;400;866;902;Gd;226700;9803;Norm;Somerst
5;7;CompShg;0;0;TA;1;No;698;1214;0;TA;140000;9170;Norm;Edwards
7;8;CompShg;0;0;TA;1;No;1247;1801;0;TA;289000;15602;Norm;Crawfor
6;5;CompShg;0;0;TA;1;No;257;855;467;TA;147000;2308;Norm;NPkVill
5;5;CompShg;0;360;TA;1;No;0;960;1000;TA;124500;7596;Norm;OldTown
8;5;CompShg;0;125;Gd;0;No;380;1065;846;Gd;215000;9554;Norm;SawyerW
6;5;CompShg;0;0;Gd;0;No;27;1218;0;Gd;208300;7862;Norm;Somerst
7;9;CompShg;0;0;TA;1;No;141;689;689;Gd;161000;9600;Norm;OldTown
5;6;CompShg;0;132;TA;1;No;991;1041;0;TA;124500;9600;Norm;NAmes
5;7;CompShg;0;70;Gd;0;No;650;1363;0;TA;164900;14559;Norm;NAmes
7;5;CompShg;0;94;Gd;0;No;0;1368;0;Gd;202665;6792;Norm;NridgHt
5;5;CompShg;0;0;TA;1;No;521;864;0;TA;129900;9100;Norm;NAmes
6;5;CompShg;0;0;TA;1;No;336;1080;0;TA;134000;9187;Norm;Mitchel
5;5;CompShg;0;0;TA;1;No;0;789;0;TA;96500;10594;Norm;Crawfor
10;5;CompShg;0;305;Ex;2;No;1436;2020;0;Ex;402861;12220;Norm;NridgHt
6;6;CompShg;0;333;TA;1;No;0;1378;741;TA;158000;10448;Norm;NWAmes
7;5;CompShg;0;921;Gd;0;No;0;1277;1067;Gd;265000;10208;Norm;NoRidge
6;5;CompShg;0;0;TA;1;Mn;706;882;914;TA;211000;9531;Norm;CollgCr
7;9;CompShg;0;0;Gd;0;No;0;1276;804;Gd;234000;10918;Norm;Crawfor
4;7;CompShg;0;0;TA;1;NA;0;694;600;TA;106250;10800;Norm;OldTown
6;6;CompShg;0;0;TA;1;No;777;1244;0;TA;150000;11988;Norm;NAmes
6;7;CompShg;0;0;TA;1;No;399;1004;660;TA;159000;5000;Norm;BrkSide
10;5;CompShg;0;762;Ex;2;Gd;2260;3138;1538;Ex;184750;40094;PosN;Edwards
7;5;CompShg;0;594;Gd;0;No;719;1383;1015;Gd;315750;11787;Norm;NoRidge
7;5;CompShg;0;0;Gd;0;No;0;1266;0;Gd;176000;7500;Norm;Somerst
5;7;CompShg;0;0;TA;1;No;377;928;0;TA;132000;13300;Norm;NAmes
9;5;CompShg;0;268;Ex;2;Av;1330;1476;1237;Ex;446261;14948;Norm;NridgHt
4;7;CompShg;0;0;TA;1;Mn;348;605;0;TA;86000;9098;Norm;Edwards
6;3;CompShg;0;NA;Gd;0;No;1219;2515;0;TA;200624;32668;Norm;Crawfor
6;5;CompShg;0;219;Gd;0;Av;783;1509;0;Gd;175000;10200;Norm;Timber
6;8;CompShg;0;0;TA;1;Mn;0;751;611;TA;128000;6155;Feedr;BrkSide
5;7;CompShg;0;0;TA;1;NA;0;827;0;TA;107500;7200;Norm;NAmes
1;3;CompShg;0;0;Fa;3;NA;0;334;0;Fa;39300;5000;Norm;BrkSide
8;5;CompShg;0;0;Gd;0;Av;0;707;707;Gd;178000;9056;Norm;Gilbert
5;7;CompShg;0;0;TA;1;Gd;969;820;527;TA;107500;7000;Norm;Edwards
7;5;CompShg;0;0;TA;1;Av;0;880;844;Gd;188000;8924;Norm;CollgCr
4;5;CompShg;0;0;TA;1;No;600;864;0;TA;111250;12735;Norm;NAmes
5;5;CompShg;0;188;TA;1;No;673;1159;0;TA;158000;11553;Norm;Sawyer
8;5;CompShg;0;479;Gd;0;Av;1358;1601;0;Gd;272000;11423;Norm;CollgCr
9;5;CompShg;0;584;Ex;2;Av;1260;1838;0;Ex;315000;14601;Norm;Timber
8;5;CompShg;0;72;Gd;0;No;0;997;1288;Gd;248000;11000;Norm;NoRidge
7;5;CompShg;0;0;Gd;0;No;144;1680;0;Gd;213250;10140;Norm;NWAmes
7;5;CompShg;0;182;TA;1;Av;584;767;0;TA;133000;4058;Norm;NAmes
7;5;CompShg;0;0;Gd;0;Av;554;664;832;Gd;179665;17104;Norm;Gilbert
7;5;CompShg;0;178;Gd;0;No;1002;1377;806;Gd;229000;13837;Norm;NWAmes
6;7;CompShg;0;0;TA;1;No;300;915;720;TA;210000;8737;Norm;BrkSide
5;7;CompShg;0;0;TA;1;Av;619;768;0;TA;129500;7244;Norm;Mitchel
5;7;CompShg;0;0;TA;1;No;180;825;0;TA;125000;8235;RRNn;OldTown
7;5;CompShg;0;0;Gd;0;No;0;912;1182;Gd;263000;9375;Norm;Somerst
6;6;CompShg;0;0;TA;1;No;559;1069;0;TA;140000;4043;Norm;NPkVill
5;6;CompShg;0;0;TA;1;No;308;928;0;TA;112500;6000;Norm;OldTown
8;5;CompShg;0;250;Gd;0;Av;0;1717;0;Gd;255500;11146;Norm;NridgHt
4;5;CompShg;0;0;TA;1;NA;0;1126;0;Gd;108000;8777;Norm;Edwards
7;5;CompShg;0;292;Gd;0;No;866;1006;1040;Gd;284000;10625;Norm;NridgHt
5;6;CompShg;0;0;TA;1;No;0;1048;0;TA;113000;6380;Norm;BrkSide
5;5;CompShg;0;0;TA;1;No;895;1092;0;TA;141000;14850;Norm;NAmes
4;6;CompShg;0;0;TA;1;No;637;897;439;TA;108000;11040;Norm;IDOTRR
7;5;CompShg;0;0;TA;1;Gd;604;729;717;TA;175000;21872;Norm;Gilbert
7;5;CompShg;0;18;Gd;0;Gd;0;1557;0;Gd;234000;3196;Norm;Blmngtn
5;6;CompShg;0;180;TA;1;No;1302;1392;0;TA;121500;11341;Norm;Sawyer
5;5;CompShg;0;0;TA;1;Av;1071;1389;0;TA;170000;10010;Norm;Mitchel
5;6;CompShg;0;0;TA;1;No;290;996;0;TA;108000;13907;Norm;Edwards
6;7;CompShg;0;0;TA;1;Mn;0;1163;511;TA;185000;21780;Norm;Edwards
7;5;CompShg;0;0;Gd;0;No;728;1166;1129;Gd;268000;13346;Norm;NoRidge
6;4;CompShg;0;0;TA;1;No;0;841;806;Fa;128000;6858;Norm;SWISU
9;5;CompShg;0;245;Gd;0;No;0;1134;1370;Ex;325000;11198;Norm;StoneBr
7;5;CompShg;0;168;Gd;0;No;2;1535;0;Gd;214000;10171;Norm;NridgHt
8;8;CompShg;0;0;Gd;0;Gd;1441;1496;636;Gd;316600;12327;Norm;SawyerW
5;5;CompShg;0;0;TA;1;Gd;943;943;0;TA;135960;7032;Norm;NAmes
5;5;CompShg;0;108;TA;1;No;231;1728;0;TA;142600;13101;Norm;NAmes
6;6;CompShg;0;207;TA;1;No;414;864;0;Gd;120000;7332;Norm;NAmes
7;5;CompShg;0;0;TA;1;Av;0;846;846;Gd;224500;13159;Norm;Timber
7;5;CompShg;0;0;TA;1;No;0;774;656;TA;170000;9967;Norm;Gilbert
5;7;CompShg;0;82;TA;1;Av;349;576;533;TA;139000;10500;Norm;NAmes
5;5;CompShg;0;0;TA;1;No;442;832;384;TA;118500;8480;Norm;NAmes
7;7;CompShg;0;0;TA;1;No;0;877;600;TA;145000;6292;Norm;SWISU
5;6;CompShg;0;97;TA;1;Av;328;1320;0;TA;164500;11777;Norm;Sawyer
7;5;CompShg;0;0;Gd;0;No;0;703;689;Gd;146000;3604;Norm;Somerst
5;5;CompShg;0;335;TA;1;No;0;1050;745;TA;131500;12150;Norm;OldTown
6;6;CompShg;0;85;TA;1;No;594;1429;0;Gd;181900;14585;Norm;NAmes
8;5;CompShg;0;306;Ex;2;No;0;2042;0;Ex;253293;12704;Norm;NridgHt
6;5;CompShg;0;104;TA;1;Av;816;816;0;TA;118500;11841;Norm;Edwards
10;9;CompShg;0;0;Ex;2;No;0;1521;1254;Gd;325000;13500;PosA;OldTown
4;7;CompShg;0;0;TA;1;No;0;989;584;Gd;133000;6120;Norm;BrkSide
8;5;CompShg;0;208;Gd;0;Gd;1460;2028;0;Gd;369900;11443;Norm;Timber
6;7;CompShg;0;0;TA;1;Mn;210;838;0;Fa;130000;10267;Norm;BrkSide
5;6;CompShg;0;0;TA;1;Av;672;860;0;TA;137000;8740;Norm;Sawyer
5;8;Tar&Grv;7;0;TA;1;Gd;1324;1473;0;Ex;143000;25095;Norm;ClearCr
5;6;CompShg;0;0;TA;1;No;0;779;0;TA;79500;9100;Feedr;BrkSide
7;5;CompShg;0;0;Gd;0;No;490;770;812;Gd;185900;8320;Norm;CollgCr
10;5;CompShg;0;420;Ex;2;Gd;1338;1728;568;Ex;451950;13478;Norm;NridgHt
5;8;CompShg;0;0;TA;1;No;816;816;0;TA;138000;6600;Norm;Mitchel
6;5;CompShg;0;170;Gd;0;Av;685;848;0;Gd;140000;4435;Norm;CollgCr
5;6;CompShg;0;0;TA;1;No;0;924;0;TA;110000;7990;Norm;CollgCr
8;5;CompShg;0;238;Gd;0;Gd;1422;1826;0;Gd;319000;11302;Norm;StoneBr
6;7;CompShg;0;0;TA;1;No;0;684;684;TA;114504;3600;Norm;OldTown
7;5;CompShg;0;72;Gd;0;Av;0;1402;0;Gd;194201;3922;Norm;Blmngtn
5;6;CompShg;0;459;TA;1;Mn;1283;1647;0;Gd;217500;12984;Norm;Crawfor
6;6;CompShg;0;0;TA;1;No;81;716;840;TA;151000;1950;Norm;Blueste
8;5;CompShg;0;280;Gd;0;Av;546;1058;846;Ex;275000;10927;Norm;NridgHt
6;6;CompShg;0;0;TA;1;No;0;780;595;Gd;141000;9000;Norm;IDOTRR
8;5;CompShg;0;0;Gd;0;Mn;789;927;988;Gd;220000;10041;Norm;SawyerW
7;5;CompShg;0;0;Gd;0;No;0;600;600;Gd;151000;3182;Norm;Somerst
7;5;CompShg;0;99;Gd;0;Mn;922;1494;0;Gd;221000;12803;Norm;CollgCr
7;6;CompShg;0;176;TA;1;No;454;1186;800;TA;205000;13600;Norm;NAmes
5;5;CompShg;0;0;TA;1;No;732;1040;0;Gd;152000;12464;Norm;CollgCr
5;8;CompShg;0;0;TA;1;No;603;1112;896;Ex;225000;7800;Norm;Edwards
8;6;CompShg;0;0;TA;1;Mn;428;1940;1254;TA;359100;12168;Norm;Crawfor
4;5;CompShg;0;192;TA;1;Mn;903;1029;0;TA;118500;7943;Norm;Sawyer
9;5;CompShg;0;204;Gd;0;Mn;904;1476;677;Ex;313000;11050;Norm;CollgCr
6;6;CompShg;0;233;TA;1;Av;605;1032;0;TA;148000;10395;Norm;NWAmes
8;5;CompShg;0;108;Gd;0;Av;990;1299;573;Ex;261500;11885;Norm;CollgCr
5;5;CompShg;0;0;TA;1;No;206;1120;0;TA;147000;8402;Norm;Mitchel
4;6;CompShg;0;0;TA;1;Av;150;630;0;TA;75500;1491;Norm;MeadowV
6;7;CompShg;0;156;TA;1;Gd;763;1054;0;Gd;137500;8800;Norm;NAmes
6;5;CompShg;0;0;Gd;0;No;457;807;702;Gd;183200;7861;Norm;Gilbert
6;6;CompShg;0;0;TA;1;No;0;832;0;Gd;105500;7227;Norm;NAmes
9;5;CompShg;0;452;Ex;2;Av;48;1828;0;Gd;314813;11694;Norm;NridgHt
8;5;CompShg;0;226;Gd;0;Gd;871;1482;780;Gd;305000;12244;Norm;Timber
3;3;CompShg;0;0;TA;1;No;41;864;0;TA;67000;8248;Norm;Edwards
6;7;CompShg;0;0;TA;1;No;956;1548;1066;TA;240000;10800;Norm;NWAmes
5;6;CompShg;0;153;TA;1;No;560;980;0;TA;135000;7064;Norm;Sawyer
6;5;CompShg;0;513;Gd;0;No;420;756;756;Gd;168500;2117;Norm;Somerst
6;5;CompShg;0;288;TA;1;No;247;1012;778;TA;165150;10400;Norm;NWAmes
6;6;CompShg;0;261;TA;1;No;0;1116;0;TA;160000;10000;Norm;NAmes
5;5;CompShg;0;0;TA;1;No;0;1422;0;TA;139900;12342;Norm;NAmes
6;6;CompShg;0;164;TA;1;Av;674;1520;0;TA;153000;9600;Norm;NAmes
5;5;CompShg;0;192;TA;1;Av;650;1040;1040;Fa;135000;11606;Norm;NAmes
6;5;WdShngl;1;259;TA;1;Gd;624;1350;0;TA;168500;9020;Norm;NAmes
5;6;CompShg;0;0;TA;1;No;0;1089;661;Ex;124000;9000;Norm;OldTown
8;5;CompShg;0;108;Gd;0;Mn;24;1554;0;Gd;209500;4590;Norm;NridgHt
7;5;CompShg;0;209;TA;1;No;822;1411;0;TA;82500;11900;Norm;NWAmes
5;7;CompShg;0;0;TA;1;No;480;1056;0;TA;139400;9250;Norm;NAmes
6;5;CompShg;0;0;TA;1;No;1056;1056;0;TA;144000;6979;Norm;OldTown
6;7;CompShg;0;0;Fa;3;No;256;1440;1440;Fa;200000;10896;Norm;SWISU
2;3;CompShg;0;0;Fa;3;No;0;800;0;Fa;60000;6120;Norm;BrkSide
5;4;CompShg;0;0;TA;1;No;0;811;576;Gd;93000;6000;Norm;OldTown
5;7;CompShg;0;0;TA;1;No;0;796;0;TA;85000;8777;Norm;Edwards
8;5;CompShg;0;0;Gd;0;Av;1154;1567;0;Ex;264561;3982;Norm;Blmngtn
8;5;CompShg;0;472;Ex;2;Gd;1218;1518;0;Ex;274000;12677;Norm;NridgHt
7;5;CompShg;0;0;Gd;0;No;738;1057;872;Gd;226000;7050;Norm;Somerst
8;7;CompShg;0;0;Gd;0;Gd;1410;2000;704;Ex;345000;13860;Norm;NAmes
5;5;CompShg;0;263;TA;1;No;493;780;840;TA;152000;10793;Norm;NWAmes
9;5;CompShg;0;162;Ex;2;Mn;1121;1766;0;Ex;370878;9187;Norm;Somerst
6;5;CompShg;0;0;TA;1;No;282;981;0;TA;143250;10530;Norm;NAmes
5;5;CompShg;0;0;TA;1;NA;0;1048;0;TA;98300;7200;Norm;NAmes
6;5;CompShg;0;216;TA;1;Mn;500;1094;0;TA;155000;10452;Norm;Edwards
6;5;CompShg;0;351;TA;1;No;0;1051;788;TA;155000;7700;Norm;NAmes
4;6;CompShg;0;0;TA;1;Av;131;630;0;TA;84500;1936;Norm;MeadowV
7;6;CompShg;0;NA;Gd;0;No;0;822;843;Gd;205950;8125;Norm;Somerst
4;5;CompShg;0;0;TA;1;Mn;0;755;755;TA;108000;9084;Norm;Edwards
7;5;CompShg;0;0;Gd;0;No;0;909;807;Gd;191000;8750;Norm;CollgCr
6;7;CompShg;0;0;TA;1;No;0;756;713;TA;135000;10320;Norm;IDOTRR
8;6;CompShg;0;660;Gd;0;Gd;1696;2113;0;Gd;350000;10437;Norm;NoRidge
6;5;CompShg;0;381;TA;1;No;0;525;567;TA;88000;1680;Norm;BrDale
5;7;CompShg;0;54;Gd;0;No;806;1053;0;Gd;145500;10007;Norm;NAmes
7;6;CompShg;0;0;TA;1;No;0;851;651;TA;149000;7200;Norm;Crawfor
6;5;CompShg;0;0;TA;1;No;0;912;546;TA;97500;17503;Norm;NAmes
5;7;CompShg;0;0;TA;1;No;637;1486;0;TA;167000;9937;Norm;Edwards
7;7;CompShg;0;233;TA;1;No;0;1142;793;TA;197900;12384;Norm;NWAmes
8;7;CompShg;0;528;Gd;0;No;1361;1686;762;Gd;402000;46589;Norm;NoRidge
6;3;CompShg;0;216;TA;1;No;0;1392;0;TA;110000;13560;Norm;NAmes
4;5;CompShg;0;0;TA;1;Av;920;1181;0;TA;137500;10012;Norm;Edwards
8;5;CompShg;0;0;Gd;0;Mn;1721;2097;0;Ex;423000;20896;Norm;Somerst
8;5;CompShg;0;40;Gd;0;No;0;1454;482;Gd;230500;11194;Norm;Gilbert
6;5;Tar&Grv;7;113;TA;1;No;187;1465;915;TA;129000;18450;Norm;NAmes
6;5;CompShg;0;258;TA;1;No;1138;1679;0;Gd;193500;8125;Norm;SawyerW
5;6;CompShg;0;0;TA;1;No;988;1437;0;TA;168000;14175;Norm;Sawyer
4;5;CompShg;0;0;TA;1;No;0;1180;0;Fa;137500;11600;Norm;Crawfor
6;5;CompShg;0;0;Gd;0;No;193;738;738;Gd;173500;8633;Norm;CollgCr
6;6;CompShg;0;0;TA;1;No;551;697;672;TA;103600;6629;Norm;Edwards
6;6;CompShg;0;0;Gd;0;No;767;1208;0;TA;165000;11250;Norm;Veenker
6;7;CompShg;0;106;TA;1;No;1186;1839;0;Gd;257500;14442;Norm;Crawfor
6;6;CompShg;0;0;TA;1;No;892;1136;0;TA;140000;9200;Norm;NAmes
6;6;CompShg;0;0;TA;1;No;311;855;586;TA;148500;2289;Norm;NPkVill
4;2;CompShg;0;0;TA;1;No;0;1095;679;TA;87000;9600;Norm;OldTown
5;8;CompShg;0;0;Gd;0;No;0;792;0;Gd;109500;9022;Norm;OldTown
8;5;CompShg;0;464;Gd;0;Mn;0;2046;0;Gd;372500;11844;Norm;StoneBr
5;5;CompShg;0;57;TA;1;No;827;988;0;TA;128500;9945;Norm;Sawyer
6;5;CompShg;0;0;TA;1;No;543;923;0;TA;143000;8012;Norm;SawyerW
5;5;CompShg;0;0;TA;1;No;182;848;672;TA;159434;4500;Norm;SWISU
6;5;CompShg;0;0;TA;1;Mn;1003;1291;0;Gd;173000;2887;Norm;ClearCr
9;5;CompShg;0;215;Gd;0;Av;1059;1668;0;Gd;285000;11248;Norm;CollgCr
7;5;CompShg;0;30;Gd;0;No;0;1195;644;TA;221000;16770;Norm;NoRidge
7;5;CompShg;0;0;Gd;0;Mn;828;1190;900;Gd;207500;5062;Norm;StoneBr
7;6;CompShg;0;0;Gd;0;No;0;874;887;Gd;227875;10207;Norm;Somerst
7;5;CompShg;0;0;Gd;0;No;239;551;551;Gd;148800;5105;Norm;Somerst
8;6;CompShg;0;0;Gd;0;Av;945;1419;0;Gd;392000;8089;Norm;StoneBr
6;5;CompShg;0;256;Gd;0;Av;20;1362;0;Gd;194700;7577;Norm;NridgHt
6;5;CompShg;0;147;Gd;0;Gd;697;848;0;Gd;141000;4426;Norm;CollgCr
10;6;WdShngl;1;1170;Ex;2;Gd;1455;2444;1872;Ex;755000;21535;Norm;NoRidge
7;5;CompShg;0;293;Gd;0;Gd;965;1238;1281;Gd;335000;26178;Norm;Timber
5;6;CompShg;0;0;TA;1;No;0;1073;0;TA;108480;5400;Norm;OldTown
5;6;CompShg;0;0;TA;1;No;0;1067;472;TA;141500;6120;Norm;BrkSide
6;6;CompShg;0;72;TA;1;No;980;1137;0;Gd;176000;13811;Norm;Timber
5;7;CompShg;0;0;TA;1;No;616;616;0;TA;89000;6000;Norm;BrkSide
5;7;CompShg;0;0;TA;1;Mn;210;1148;0;TA;123500;6420;Norm;Edwards
5;8;CompShg;0;0;TA;1;No;553;894;0;TA;138500;8450;Norm;Sawyer
7;5;CompShg;0;0;Gd;0;Mn;16;1391;0;Gd;196000;4282;Norm;Somerst
8;5;CompShg;0;630;Gd;0;Gd;1274;1800;0;Gd;312500;14331;Norm;Timber
7;5;CompShg;0;168;TA;1;No;0;1164;0;TA;140000;9600;Norm;NWAmes
8;5;CompShg;0;466;Ex;2;No;0;1264;1312;Ex;361919;12438;Norm;StoneBr
5;9;CompShg;0;0;TA;1;No;0;1032;780;Gd;140000;7630;Norm;OldTown
7;5;CompShg;0;109;Gd;0;Av;712;1484;0;Gd;213000;8400;Norm;CollgCr
4;5;CompShg;0;0;Fa;3;NA;0;372;720;Fa;55000;5600;Norm;IDOTRR
7;5;CompShg;0;351;TA;1;Gd;1219;1824;0;Gd;302000;115149;Norm;ClearCr
8;5;CompShg;0;176;Gd;0;No;863;1324;0;Gd;254000;6240;Norm;NridgHt
7;5;CompShg;0;0;Gd;0;Av;0;728;728;Gd;179540;9018;Norm;Gilbert
5;7;CompShg;0;41;TA;1;No;0;904;0;TA;109900;7162;Norm;Sawyer
3;6;CompShg;0;0;Gd;0;No;0;729;0;TA;52000;4130;Norm;BrkSide
4;7;CompShg;0;0;TA;1;Mn;0;859;319;TA;102776;8712;Norm;IDOTRR
8;5;CompShg;0;0;Gd;0;Mn;767;1228;0;Gd;189000;4671;Norm;StoneBr
4;5;CompShg;0;160;TA;1;Av;789;960;0;TA;129000;9873;Norm;BrkSide
6;8;CompShg;0;289;Gd;0;No;533;725;754;Gd;130500;13517;Norm;Sawyer
6;5;CompShg;0;174;TA;1;No;0;1350;0;TA;165000;10140;Norm;NWAmes
7;8;CompShg;0;0;TA;1;No;0;1576;978;TA;159500;10800;Norm;OldTown
5;6;CompShg;0;0;TA;1;No;1084;1178;0;Gd;157000;10000;Norm;NWAmes
7;5;CompShg;0;651;Gd;0;Gd;1173;1325;1093;Gd;341000;10542;Norm;NoRidge
5;6;CompShg;0;0;TA;1;Gd;523;971;0;TA;128500;9920;Norm;CollgCr
8;5;CompShg;0;0;Gd;0;Gd;1148;1742;0;Gd;275000;6563;Norm;StoneBr
6;5;CompShg;0;169;Gd;0;Av;662;848;0;Gd;143000;4426;Norm;CollgCr
4;7;CompShg;0;0;TA;1;No;191;864;0;TA;124500;8120;Norm;NAmes
4;6;CompShg;0;0;TA;1;No;0;997;473;TA;135000;8172;Norm;Edwards
9;5;CompShg;0;340;Ex;2;No;1234;1698;0;Ex;320000;13286;Norm;Edwards
4;6;CompShg;0;0;TA;1;No;375;864;0;Gd;120500;6960;Norm;NAmes
6;9;CompShg;0;260;Gd;0;No;808;1680;0;Gd;222000;21695;Norm;Crawfor
7;5;CompShg;0;82;Gd;0;Av;724;1232;0;Gd;194500;7314;Norm;CollgCr
5;5;CompShg;0;95;TA;1;No;0;1776;0;TA;110000;11475;Norm;NAmes
4;5;CompShg;0;0;TA;1;No;152;848;0;TA;103000;6240;Norm;IDOTRR
8;5;CompShg;0;0;Gd;0;No;1180;1616;0;Gd;236500;5389;Norm;StoneBr
7;5;CompShg;0;442;Gd;0;Av;786;1146;0;Gd;187500;9590;Norm;Timber
7;5;CompShg;0;202;Gd;0;Av;252;1153;878;Gd;222500;11404;Norm;CollgCr
5;6;CompShg;0;0;TA;1;No;594;1144;0;TA;131400;10000;Norm;Sawyer
5;5;CompShg;0;0;TA;1;No;0;948;0;TA;108000;8978;Norm;Sawyer
7;7;CompShg;0;0;TA;1;Mn;390;880;888;TA;163000;10800;Norm;OldTown
3;4;CompShg;0;0;TA;1;NA;0;1040;0;TA;93500;8544;Norm;NAmes
8;5;CompShg;0;0;Gd;0;No;0;901;900;Gd;239900;10463;Norm;Gilbert
5;5;CompShg;0;0;TA;1;Gd;1200;1200;0;TA;179000;10800;Norm;Edwards
7;5;CompShg;0;0;Gd;0;No;0;864;864;Gd;190000;9313;Norm;CollgCr
5;7;CompShg;0;0;TA;1;No;0;768;664;TA;132000;9600;Norm;OldTown
6;8;CompShg;0;0;TA;1;Mn;832;912;0;Gd;142000;6768;Norm;Sawyer
7;5;CompShg;0;108;TA;1;No;0;1349;0;TA;179000;8450;Norm;SawyerW
5;6;CompShg;0;0;TA;1;Av;444;1464;0;TA;175000;12886;Norm;Sawyer
8;5;CompShg;0;0;Gd;0;No;733;1337;0;Gd;180000;5395;Norm;StoneBr
8;9;CompShg;0;289;Ex;2;No;575;1175;1540;Gd;299800;8963;Norm;NWAmes
7;5;CompShg;0;0;Gd;0;No;300;980;1276;Gd;236000;8795;Norm;Gilbert
7;7;CompShg;0;0;Gd;0;No;0;1320;1320;Gd;265979;11700;Norm;OldTown
7;5;CompShg;0;338;Gd;0;No;919;1720;0;Gd;260400;10593;Norm;NoRidge
4;3;CompShg;0;0;TA;1;NA;0;1088;441;TA;98000;8405;Norm;Edwards
4;7;CompShg;0;0;TA;1;No;0;792;348;TA;96500;8800;Norm;OldTown
7;5;CompShg;0;0;Gd;0;No;0;660;660;Gd;162000;7750;Norm;Gilbert
6;5;CompShg;0;0;TA;1;Gd;1200;1494;0;Gd;217000;9236;Norm;CollgCr
8;5;CompShg;0;178;Gd;0;Mn;0;1038;1060;Ex;275500;10240;Norm;NridgHt
6;8;CompShg;0;0;TA;1;No;439;1026;0;Gd;156000;7930;Norm;NAmes
6;5;CompShg;0;894;TA;1;No;381;742;729;TA;172500;3230;Norm;Somerst
8;5;CompShg;0;0;Gd;0;Av;20;866;902;Gd;212000;10769;Norm;CollgCr
6;5;CompShg;0;328;TA;1;Mn;438;672;714;TA;158900;11616;Norm;Sawyer
7;5;CompShg;0;360;TA;1;No;549;757;744;TA;179400;2280;Norm;Somerst
8;5;CompShg;0;513;Gd;0;Av;56;1328;1203;Gd;290000;12257;Norm;NoRidge
6;6;CompShg;0;0;TA;1;No;612;864;0;TA;127500;9100;Norm;NAmes
5;5;CompShg;0;0;TA;1;Mn;405;1301;0;Fa;100000;6911;Norm;BrkSide
7;5;CompShg;0;0;TA;1;Mn;24;764;783;Gd;215200;8640;Norm;Somerst
8;5;CompShg;0;673;Gd;0;Mn;1163;1268;1097;Gd;337000;9430;Norm;NoRidge
8;5;CompShg;0;0;Gd;0;Av;437;1494;0;Ex;270000;9549;Norm;Veenker
9;5;CompShg;0;284;Gd;0;No;0;1506;0;Ex;264132;14587;Norm;Somerst
7;5;CompShg;0;42;TA;1;No;394;980;734;TA;196500;10421;Norm;NWAmes
6;7;CompShg;0;0;TA;1;Mn;660;983;767;TA;160000;12508;Norm;Mitchel
7;5;CompShg;0;0;Gd;0;No;24;1836;0;Gd;216837;9100;Norm;CollgCr
8;5;CompShg;0;603;Ex;2;Gd;1416;1690;1589;Ex;538000;53504;Norm;StoneBr
5;5;CompShg;0;0;TA;1;Av;685;858;0;TA;134900;7252;Norm;Sawyer
4;5;CompShg;0;0;TA;1;No;836;1220;0;TA;102000;8877;Norm;Edwards
6;5;CompShg;0;0;TA;1;Av;422;1117;0;TA;107000;7819;Norm;Edwards
5;5;CompShg;0;1;TA;1;No;456;912;0;TA;114500;10150;Norm;NAmes
8;5;CompShg;0;375;Gd;0;Av;0;1973;0;Gd;395000;14226;Norm;NridgHt
6;5;CompShg;0;320;TA;1;No;866;1204;0;TA;162000;4500;Norm;Mitchel
7;5;CompShg;0;240;Gd;0;Av;20;1614;0;Gd;221500;11210;Norm;CollgCr
5;5;CompShg;0;0;TA;1;No;762;894;0;TA;142500;13350;Norm;Sawyer
5;5;CompShg;0;320;TA;1;NA;0;2020;0;TA;144000;8400;Norm;SawyerW
6;5;CompShg;0;90;TA;1;Gd;975;1004;0;TA;135000;10530;Norm;Mitchel
7;5;CompShg;0;38;TA;1;No;0;1253;0;TA;176000;7875;Norm;Gilbert
6;5;CompShg;0;0;Gd;0;No;387;810;793;Gd;175900;7153;Norm;SawyerW
7;5;CompShg;0;0;Gd;0;No;0;1430;0;Gd;187100;16285;Norm;CollgCr
5;6;CompShg;0;104;TA;1;Av;1097;1110;0;Gd;165500;9101;Norm;Mitchel
6;6;CompShg;0;0;TA;1;No;0;742;742;TA;128000;6300;Norm;OldTown
6;5;CompShg;0;0;TA;1;No;251;1342;0;TA;161500;9790;Norm;NWAmes
5;6;CompShg;0;0;TA;1;No;686;966;686;TA;139000;10800;Norm;OldTown
7;5;CompShg;0;0;Gd;0;No;656;956;1128;Gd;233000;10142;Norm;SawyerW
4;7;CompShg;0;0;TA;1;No;0;901;0;TA;107900;6000;Norm;OldTown
6;8;CompShg;0;157;TA;1;Gd;568;976;1111;Gd;187500;12205;Norm;ClearCr
7;5;CompShg;0;11;Gd;0;No;16;1145;0;Gd;160200;3182;Norm;Blmngtn
6;5;CompShg;0;0;TA;1;Av;539;1062;0;TA;146800;11333;Norm;Mitchel
7;5;CompShg;0;0;Gd;0;Av;862;1127;886;TA;269790;9920;Norm;NoRidge
8;5;CompShg;0;140;Gd;0;Av;0;1496;0;Gd;225000;9158;Norm;Somerst
7;5;CompShg;0;0;Gd;0;No;0;1086;809;Gd;194500;10832;Norm;Gilbert
6;6;CompShg;0;130;TA;1;No;0;888;676;TA;171000;8400;Norm;SawyerW
6;5;CompShg;0;148;TA;1;No;0;1285;0;TA;143500;8197;Norm;Sawyer
5;5;CompShg;0;0;TA;1;No;570;773;0;TA;110000;7677;Norm;NAmes
9;5;CompShg;0;860;Ex;2;No;0;1966;1174;Ex;485000;13518;Norm;NridgHt
5;7;CompShg;0;252;TA;1;No;569;981;787;Gd;175000;7200;Norm;SWISU
6;5;CompShg;0;0;TA;1;Gd;462;616;1072;Gd;200000;12798;Norm;ClearCr
4;7;CompShg;0;0;TA;1;No;197;1196;0;TA;109900;4800;Norm;IDOTRR
7;5;CompShg;0;0;Gd;0;Av;648;728;728;Gd;189000;8199;Norm;CollgCr
9;5;CompShg;0;424;Ex;2;Gd;0;1734;1088;Ex;582933;13891;Norm;NridgHt
5;5;CompShg;0;0;TA;1;No;812;1128;0;TA;118000;9000;Norm;NAmes
7;5;CompShg;0;256;Gd;0;No;0;1428;0;Ex;227680;12274;Norm;Somerst
5;5;CompShg;0;0;TA;1;Av;400;980;0;TA;135500;9750;Norm;NAmes
5;6;CompShg;0;0;TA;1;Gd;1309;1072;504;Gd;223500;21384;Norm;BrkSide
5;5;CompShg;0;1047;TA;1;Av;516;1086;0;TA;159950;13400;Norm;NAmes
5;5;CompShg;0;0;TA;1;No;0;1075;1063;TA;106000;8100;Norm;OldTown
6;6;CompShg;0;99;TA;1;No;663;1309;0;Gd;181000;10140;Norm;NWAmes
6;5;CompShg;0;169;Gd;0;Gd;662;848;0;Gd;144500;4438;Norm;CollgCr
5;5;CompShg;0;0;Fa;3;Av;0;1044;0;Fa;55993;8712;Norm;IDOTRR
6;6;CompShg;0;243;TA;1;No;608;1442;0;TA;157900;9750;Norm;NAmes
5;7;CompShg;0;0;TA;1;No;0;686;564;Fa;116000;8248;Norm;Edwards
7;5;CompShg;0;442;TA;1;No;0;1661;0;Gd;224900;12137;Norm;CollgCr
5;6;CompShg;0;0;TA;1;No;486;1008;0;TA;137000;11425;Norm;NAmes
8;5;CompShg;0;148;Gd;0;No;1218;1689;0;Gd;271000;13265;Norm;Mitchel
6;7;CompShg;0;80;TA;1;Av;504;1052;0;TA;155000;8816;Norm;ClearCr
7;5;CompShg;0;128;Gd;0;Mn;733;1358;0;Gd;224000;6371;Norm;NridgHt
7;5;CompShg;0;0;Gd;0;No;0;798;842;Gd;183000;7226;Norm;CollgCr
4;4;CompShg;0;0;Fa;3;No;0;936;0;TA;93000;6000;Norm;OldTown
7;5;CompShg;0;0;Gd;0;Gd;0;847;886;Gd;225000;12394;Norm;Gilbert
6;7;CompShg;0;0;TA;1;No;0;944;545;TA;139500;9900;Norm;SWISU
8;5;CompShg;0;0;Gd;0;No;0;1489;0;Gd;232600;11216;Norm;Somerst
10;5;CompShg;0;816;Ex;2;Av;1636;2084;0;Ex;385000;14803;PosN;NridgHt
5;6;CompShg;0;0;TA;1;No;784;784;0;Gd;109500;6130;Norm;BrkSide
7;5;CompShg;0;0;Gd;0;No;20;1434;0;Gd;189000;8529;Norm;SawyerW
5;5;Tar&Grv;7;0;TA;1;Gd;249;1160;966;TA;185000;28698;Norm;ClearCr
7;5;CompShg;0;0;Gd;0;No;0;520;623;Gd;147400;2544;Norm;Somerst
6;5;CompShg;0;387;TA;1;No;1040;1392;0;TA;166000;11900;Norm;NAmes
7;5;CompShg;0;0;TA;1;No;0;520;600;Gd;151000;3180;Norm;Somerst
7;6;CompShg;0;223;Gd;0;No;483;941;888;Gd;237000;9548;Norm;CollgCr
6;6;CompShg;0;180;TA;1;No;196;1516;0;TA;167000;10004;Norm;NAmes
5;6;CompShg;0;136;TA;1;No;572;1144;0;TA;139950;7875;Norm;NAmes
4;7;CompShg;0;0;TA;1;No;442;1067;0;Gd;128000;9600;Norm;Sawyer
5;6;CompShg;0;0;TA;1;No;338;1559;0;TA;153500;8100;Norm;OldTown
6;5;CompShg;0;158;TA;1;No;330;483;504;TA;100000;1680;Norm;BrDale
5;6;CompShg;0;0;TA;1;No;0;1099;0;Gd;144000;9525;Norm;CollgCr
5;6;CompShg;0;0;TA;1;No;352;768;432;TA;130500;11767;Norm;Edwards
6;8;CompShg;0;0;TA;1;No;156;810;672;Fa;140000;12155;Norm;SWISU
5;8;CompShg;0;0;TA;1;No;0;958;581;Gd;157500;10440;Norm;OldTown
6;7;CompShg;0;183;TA;1;Gd;312;1165;0;TA;174900;9020;Norm;NAmes
5;4;CompShg;0;0;TA;1;No;0;1800;0;TA;141000;8000;Norm;NAmes
5;8;CompShg;0;0;TA;1;Mn;0;876;540;TA;153900;12665;Norm;OldTown
5;5;CompShg;0;0;TA;1;Gd;1390;1701;0;TA;171000;16647;Norm;Sawyer
7;5;CompShg;0;137;Gd;0;No;513;1006;769;Gd;213000;9317;Norm;SawyerW
5;6;CompShg;0;0;TA;1;Av;460;864;0;TA;133500;15523;Norm;CollgCr
6;8;CompShg;0;0;TA;1;No;0;1307;1051;TA;240000;45600;Norm;ClearCr
6;7;CompShg;0;360;Gd;0;No;0;1094;761;TA;187000;9600;Norm;Veenker
6;5;CompShg;0;170;Gd;0;Av;659;848;0;Gd;131500;4435;Norm;CollgCr
8;5;CompShg;0;40;Gd;0;Gd;0;1456;0;Gd;215000;3196;Norm;Blmngtn
7;5;CompShg;0;0;TA;1;No;364;918;728;TA;164000;7128;Norm;Crawfor
6;6;CompShg;0;115;TA;1;Gd;564;1445;0;TA;158000;12095;Norm;NAmes
5;4;CompShg;0;0;TA;1;Mn;306;1779;0;TA;170000;17920;Norm;Sawyer
5;8;CompShg;0;0;TA;1;No;659;1040;0;TA;127000;6897;Norm;Sawyer
6;6;CompShg;0;0;TA;1;Gd;505;1026;0;TA;147000;10970;Norm;CollgCr
6;5;CompShg;0;0;TA;1;No;0;702;779;TA;174000;8125;Norm;Gilbert
7;5;CompShg;0;189;TA;1;No;0;1370;0;TA;152000;10400;Norm;NWAmes
6;7;CompShg;0;220;TA;1;Mn;619;1512;1142;Gd;250000;11029;Norm;NWAmes
7;8;CompShg;0;0;Gd;0;No;0;912;514;Gd;189950;7642;Norm;Crawfor
5;4;CompShg;0;0;TA;1;Mn;841;1039;0;TA;131500;11625;Norm;Sawyer
6;5;CompShg;0;0;TA;1;No;338;1097;0;TA;152000;9672;Norm;SawyerW
5;5;CompShg;0;0;TA;1;No;1148;1148;0;TA;132500;7931;Norm;NAmes
7;5;CompShg;0;0;Gd;0;No;0;1372;0;Gd;250580;8640;Norm;Somerst
5;6;CompShg;0;76;TA;1;No;828;1002;0;TA;148500;8750;Norm;NAmes
8;5;CompShg;0;274;Gd;0;Av;0;1646;0;Gd;248900;10656;Norm;Timber
4;5;CompShg;0;0;TA;1;No;932;1120;0;Fa;129000;6970;Norm;Sawyer
5;6;CompShg;0;0;TA;1;NA;0;1547;720;TA;169000;14762;Norm;Gilbert
7;5;CompShg;0;246;Gd;0;No;750;1062;887;Gd;236000;9938;Norm;SawyerW
5;5;CompShg;0;0;TA;1;No;0;894;0;TA;109500;6600;Norm;NAmes
6;5;CompShg;0;116;TA;1;No;505;804;878;Gd;200500;8750;Norm;CollgCr
5;7;CompShg;0;0;Gd;0;Av;0;910;0;Gd;116000;8892;Norm;NAmes
5;7;CompShg;0;0;Gd;0;No;375;1036;0;TA;133000;12144;Norm;NAmes
5;6;CompShg;0;0;TA;1;No;0;676;455;TA;66500;5720;Norm;OldTown
8;5;CompShg;0;0;Gd;0;Av;64;1184;1426;Ex;303477;9000;Norm;Somerst
4;5;CompShg;0;0;TA;1;Gd;633;1040;0;TA;132250;25286;Norm;Mitchel
9;5;CompShg;0;216;Gd;0;No;1170;1462;762;Ex;350000;8834;Norm;NridgHt
5;7;CompShg;0;0;TA;1;Av;899;1155;0;Gd;148000;11782;Norm;Sawyer
5;8;CompShg;0;90;Gd;0;No;646;864;0;TA;136500;7000;Norm;CollgCr
5;5;CompShg;0;0;TA;1;No;980;1090;0;TA;157000;7024;Norm;Edwards
7;5;CompShg;0;117;Gd;0;Mn;902;1187;530;Gd;187500;13758;Norm;Timber
6;5;CompShg;0;0;TA;1;No;0;808;785;TA;178000;9636;Norm;Gilbert
4;5;CompShg;0;0;Gd;0;No;0;954;795;TA;118500;6204;Norm;SWISU
5;5;CompShg;0;60;TA;1;No;432;892;0;TA;100000;7150;Norm;NAmes
9;5;CompShg;0;60;Gd;0;Av;1238;1709;0;Gd;328900;5119;Norm;Somerst
5;5;CompShg;0;122;TA;1;No;528;1712;0;TA;145000;8393;Norm;NAmes
5;7;CompShg;0;0;TA;1;No;0;872;521;TA;135500;16466;Norm;Edwards
8;6;Tar&Grv;7;0;Gd;0;Gd;351;2217;0;Gd;268000;15865;Norm;NAmes
6;4;CompShg;0;90;TA;1;No;1024;1505;0;TA;149500;12160;Norm;NAmes
5;7;CompShg;0;0;TA;1;Mn;0;672;252;TA;122900;8064;Norm;NAmes
6;5;CompShg;0;92;TA;1;No;226;918;765;TA;172500;11184;Norm;Sawyer
6;8;CompShg;0;0;TA;1;No;663;1068;0;TA;154500;8414;Norm;Sawyer
5;5;CompShg;0;0;TA;1;Mn;1064;1383;0;TA;165000;13284;Norm;Sawyer
5;5;CompShg;0;0;TA;1;NA;0;1535;0;TA;118858;7018;Norm;SawyerW
6;5;CompShg;0;415;TA;1;No;400;983;813;TA;140000;7056;Norm;NAmes
4;6;CompShg;0;0;TA;1;No;285;951;0;TA;106500;8765;Norm;IDOTRR
5;5;CompShg;0;0;TA;1;NA;0;1120;1120;TA;142953;7018;Norm;SawyerW
9;5;CompShg;0;760;Ex;2;Gd;2188;2364;0;Ex;611657;12919;Norm;NridgHt
5;7;CompShg;0;0;TA;1;No;465;1236;0;TA;135000;6993;Norm;Sawyer
4;6;CompShg;0;0;TA;1;No;322;858;0;TA;110000;7340;Norm;NAmes
5;7;CompShg;0;0;TA;1;Mn;860;1306;0;TA;153000;8712;Norm;NAmes
7;5;CompShg;0;0;Gd;0;No;0;807;702;Gd;180000;7875;Norm;Gilbert
7;5;CompShg;0;27;Gd;0;No;0;1670;0;Gd;240000;14859;Norm;Gilbert
5;6;CompShg;0;75;TA;1;No;599;902;0;TA;125500;6173;Norm;Sawyer
5;5;CompShg;0;110;TA;1;No;354;1063;0;TA;128000;9920;Norm;NAmes
8;5;CompShg;0;208;Gd;0;No;63;1636;0;Gd;255000;13501;Norm;Somerst
7;7;CompShg;0;0;Gd;0;No;223;1020;1037;Gd;250000;11500;Norm;Crawfor
5;5;CompShg;0;0;TA;1;Av;301;902;0;TA;131000;8885;Norm;Mitchel
6;5;CompShg;0;0;Gd;0;No;0;742;742;Gd;174000;12589;Norm;Gilbert
5;5;CompShg;0;361;TA;1;No;443;1105;1169;TA;154300;11600;Norm;NAmes
5;7;CompShg;0;0;TA;1;Av;196;1268;0;Gd;143500;9286;Norm;CollgCr
5;7;CompShg;0;0;TA;1;No;489;1015;0;TA;88000;6120;Norm;BrkSide
5;6;CompShg;0;0;TA;1;No;284;1001;1001;TA;145000;6270;Norm;Crawfor
6;5;CompShg;0;76;Gd;0;Av;294;612;612;Gd;173733;3000;Norm;Somerst
4;5;CompShg;0;80;TA;1;No;0;546;546;TA;75000;2001;Norm;MeadowV
2;3;CompShg;0;0;TA;1;Av;50;480;0;TA;35311;9000;Norm;IDOTRR
4;6;CompShg;0;0;TA;1;No;1059;1229;0;TA;135000;17140;Norm;Edwards
7;5;CompShg;0;0;Gd;0;Mn;48;912;1215;Gd;238000;13125;Norm;SawyerW
6;8;CompShg;0;0;Ex;2;No;528;1414;0;TA;176500;11029;Norm;NAmes
6;5;CompShg;0;105;Gd;0;No;814;936;785;Gd;201000;8462;Norm;SawyerW
5;7;CompShg;0;0;TA;1;No;1084;1272;928;TA;145900;8777;Norm;Edwards
6;5;CompShg;0;0;Gd;0;No;28;1316;0;Gd;169990;10237;Norm;Gilbert
6;5;CompShg;0;0;Gd;0;No;165;1617;0;Gd;193000;8012;Norm;SawyerW
6;6;CompShg;0;157;TA;1;No;625;1686;0;TA;207500;10240;Norm;NWAmes
5;6;CompShg;0;0;TA;1;Av;767;1126;0;Ex;175000;15611;Norm;NWAmes
8;5;CompShg;0;340;Gd;0;No;0;1234;1140;Ex;285000;11999;Norm;NridgHt
7;5;CompShg;0;342;TA;1;No;552;1098;880;TA;176000;9900;Norm;NWAmes
8;5;CompShg;0;0;Gd;0;Av;0;1788;0;Ex;236500;11838;Norm;CollgCr
7;5;CompShg;0;285;TA;1;No;0;993;1243;Gd;222000;13006;Norm;Gilbert
8;5;CompShg;0;0;Gd;0;Av;16;1466;0;Gd;201000;8925;Norm;Timber
5;6;CompShg;0;0;TA;1;No;338;925;0;TA;117500;9100;Norm;NAmes
9;5;CompShg;0;302;Ex;2;No;0;1905;0;Ex;320000;11670;Norm;Somerst
7;5;CompShg;0;210;Gd;0;Av;20;1500;0;Gd;190000;8487;Norm;CollgCr
7;7;Tar&Grv;7;0;TA;1;Gd;425;2069;0;Gd;242000;27650;Norm;NAmes
4;5;CompShg;0;108;TA;1;Mn;0;747;0;TA;79900;5825;Norm;BrkSide
7;5;CompShg;0;NA;Gd;0;No;833;1200;0;Gd;184900;10083;Norm;SawyerW
7;5;CompShg;0;0;Gd;0;Mn;341;1113;858;Gd;253000;9675;Norm;Somerst
7;5;CompShg;0;0;Gd;0;Mn;464;1391;571;Gd;239799;8760;Norm;CollgCr
7;7;CompShg;0;0;TA;1;Mn;0;1207;1196;TA;244400;24090;Norm;ClearCr
6;5;CompShg;0;0;TA;1;Gd;936;1728;0;TA;150900;12640;Norm;Mitchel
7;5;CompShg;0;298;Gd;0;No;772;1022;1038;Gd;214000;8755;Norm;Gilbert
4;3;CompShg;0;0;TA;1;Gd;1440;1440;0;TA;150000;7711;Norm;Edwards
5;4;CompShg;0;0;TA;1;Av;0;1632;0;TA;143000;25000;Norm;Mitchel
6;6;CompShg;0;541;TA;1;No;111;1344;0;Gd;137500;14375;Norm;Timber
5;6;CompShg;0;0;TA;1;No;1088;1188;561;TA;124900;8820;Norm;OldTown
5;6;CompShg;0;128;TA;1;Av;748;1144;0;TA;143000;8163;Norm;NAmes
8;5;CompShg;0;236;Gd;0;Av;1300;1629;0;Gd;270000;14536;Norm;Timber
7;5;CompShg;0;144;Gd;0;NA;0;936;840;Gd;192500;14006;Norm;CollgCr
6;7;CompShg;0;0;TA;1;No;982;1381;0;Gd;197500;9360;Norm;NWAmes
5;8;CompShg;0;0;TA;1;No;398;864;0;Gd;129000;7200;Norm;NAmes
5;5;CompShg;0;0;TA;1;No;641;965;0;TA;119900;7800;Norm;SawyerW
5;8;CompShg;0;0;TA;1;Av;660;768;0;TA;133900;7200;Norm;CollgCr
5;4;CompShg;0;232;TA;1;Av;562;1168;800;TA;172000;11075;Norm;Mitchel
6;5;Tar&Grv;7;250;TA;1;Gd;945;980;0;TA;127500;9400;Norm;Edwards
6;6;CompShg;0;423;TA;1;No;484;979;979;TA;145000;7136;Norm;Crawfor
6;6;CompShg;0;0;TA;1;No;285;561;668;TA;124000;1300;Norm;Blueste
5;5;CompShg;0;0;TA;1;No;417;1057;0;TA;132000;7420;Norm;Sawyer
7;5;CompShg;0;0;Gd;0;Mn;699;1337;0;Gd;185000;8450;Norm;CollgCr
7;5;CompShg;0;0;Gd;0;No;604;696;720;Gd;155000;2572;Norm;Somerst
5;7;CompShg;0;0;TA;1;Gd;696;858;0;TA;116500;7207;Norm;BrkSide
6;7;CompShg;0;424;TA;1;No;896;1542;1330;TA;272000;12227;Norm;NWAmes
6;6;CompShg;0;0;TA;1;No;556;804;744;Gd;155000;2308;Norm;NPkVill
9;5;CompShg;0;0;Gd;0;No;0;1800;0;Ex;239000;11923;Norm;CollgCr
7;5;CompShg;0;44;Gd;0;No;624;824;1070;Gd;214900;11316;Norm;Timber
6;5;CompShg;0;0;Gd;0;No;0;783;701;Gd;178900;10237;Norm;Gilbert
5;7;CompShg;0;0;Gd;0;No;428;976;332;TA;160000;9600;Norm;Crawfor
5;7;CompShg;0;151;TA;1;No;902;1098;0;TA;135000;7390;Norm;NAmes
3;6;CompShg;0;0;TA;1;No;0;600;368;TA;37900;5925;Norm;OldTown
6;5;CompShg;0;105;TA;1;Gd;513;1095;0;TA;140000;10382;Norm;NAmes
4;4;CompShg;0;0;TA;1;No;0;720;472;TA;135000;10800;Norm;NAmes
7;5;CompShg;0;106;Gd;0;No;567;764;862;Gd;173000;2268;Norm;NridgHt
6;5;CompShg;0;0;TA;1;No;0;918;0;TA;99500;7892;Norm;SawyerW
7;5;CompShg;0;NA;Gd;0;No;0;1428;0;Gd;182000;11639;Norm;Somerst
7;8;CompShg;0;0;TA;1;No;0;1136;883;Gd;167500;11414;Feedr;BrkSide
7;5;CompShg;0;0;Gd;0;No;641;673;709;Gd;165000;2651;Norm;Somerst
4;7;CompShg;0;0;TA;1;No;0;869;0;Fa;85500;5900;Norm;BrkSide
7;5;CompShg;0;NA;Gd;0;No;1106;1241;0;Gd;199900;4274;Norm;Somerst
4;5;CompShg;0;0;TA;1;No;552;894;0;TA;110000;9450;Norm;Edwards
5;6;CompShg;0;0;TA;1;No;651;1121;0;TA;139000;8816;Norm;Sawyer
7;9;CompShg;0;210;Ex;2;Av;867;999;0;Ex;178400;12122;Norm;NAmes
8;5;CompShg;0;975;Gd;0;No;854;1276;1336;Gd;336000;12203;Norm;NoRidge
7;5;CompShg;0;16;Gd;0;Av;0;1266;0;Gd;159895;3182;Norm;Blmngtn
8;5;CompShg;0;0;Gd;0;Mn;0;1149;1141;Gd;255900;11250;Norm;CollgCr
5;5;CompShg;0;0;TA;1;NA;0;1302;432;Gd;126000;10125;Norm;Mitchel
5;5;CompShg;0;0;TA;1;No;1040;1164;0;TA;125000;10880;Norm;Edwards
6;8;CompShg;0;0;TA;1;No;0;1001;634;Gd;117000;5310;Norm;OldTown
9;5;CompShg;0;450;Ex;2;Av;1646;1940;0;Ex;395192;10159;Norm;NridgHt
6;6;CompShg;0;298;TA;1;No;156;1118;912;Gd;195000;12046;Norm;NWAmes
7;5;CompShg;0;0;Gd;0;No;0;778;798;Gd;197000;8125;Norm;Somerst
8;5;CompShg;0;423;Gd;0;No;1074;1407;985;Gd;348000;9452;Norm;NoRidge
8;9;CompShg;0;0;Gd;0;No;216;916;826;Gd;168000;17671;Norm;OldTown
6;8;CompShg;0;340;TA;1;Gd;536;1020;831;Gd;187000;9760;Norm;NAmes
6;5;CompShg;0;0;TA;1;No;0;750;750;Gd;173900;8846;Norm;CollgCr
10;5;CompShg;0;230;Ex;2;Gd;1172;1718;0;Ex;337500;12456;Norm;NridgHt
4;7;CompShg;0;0;TA;1;No;384;774;456;TA;121600;4712;Norm;BrkSide
5;6;CompShg;0;0;TA;1;No;915;1050;0;TA;136500;10659;Norm;NAmes
6;6;CompShg;0;571;TA;1;No;0;1442;0;TA;185000;11717;Norm;NWAmes
3;4;CompShg;0;0;TA;1;No;0;1077;0;TA;91000;9786;Norm;IDOTRR
7;5;CompShg;0;24;Gd;0;Av;686;1208;0;Gd;206000;6762;Norm;CollgCr
3;3;Tar&Grv;7;0;TA;1;NA;0;944;0;Fa;82000;10206;Norm;Edwards
5;6;CompShg;0;0;TA;1;No;0;691;0;Ex;86000;5400;Norm;OldTown
8;5;CompShg;0;53;Gd;0;No;24;1574;0;Gd;232000;11957;Norm;Somerst
5;6;CompShg;0;164;TA;1;No;0;1680;0;TA;136905;11500;RRAn;NWAmes
7;5;CompShg;0;16;Gd;0;No;16;1504;0;Gd;181000;3182;Norm;Blmngtn
5;8;CompShg;0;220;Gd;0;Av;595;985;0;TA;149900;8385;Norm;CollgCr
6;3;CompShg;0;0;TA;1;No;1237;1657;0;TA;163500;12155;Norm;NAmes
4;4;CompShg;0;0;TA;1;No;273;546;546;TA;88000;2217;Norm;MeadowV
7;5;CompShg;0;108;Gd;0;Mn;0;1710;0;Gd;240000;12118;Norm;Mitchel
5;5;CompShg;0;0;TA;1;No;0;1008;0;TA;102000;6000;Norm;SWISU
5;5;CompShg;0;0;TA;1;No;0;720;551;TA;135000;21286;Norm;Sawyer
5;5;CompShg;0;0;TA;1;NA;0;1664;0;TA;100000;9825;Norm;Edwards
6;7;CompShg;0;0;TA;1;No;0;900;602;Gd;165000;10592;Norm;Crawfor
5;4;CompShg;0;0;TA;1;No;247;1022;0;TA;85000;7200;Norm;OldTown
6;5;CompShg;0;206;TA;1;No;336;1082;0;TA;119200;11664;Norm;NAmes
8;6;CompShg;0;0;Gd;0;No;643;810;855;Gd;227000;8400;Norm;NWAmes
7;5;CompShg;0;196;Gd;0;Gd;690;1504;0;Gd;203000;11883;Norm;CollgCr
8;5;CompShg;0;0;Gd;0;Av;1036;1360;0;Gd;187500;5814;Norm;StoneBr
7;5;CompShg;0;76;Gd;0;No;0;802;670;Gd;160000;10784;Norm;Gilbert
7;5;CompShg;0;145;Gd;0;Gd;16;1506;0;Gd;213490;3013;Norm;Blmngtn
4;5;CompShg;0;0;TA;1;No;1024;1132;0;Gd;176000;7024;Norm;Edwards
7;5;CompShg;0;84;Gd;0;Av;684;1220;0;Gd;194000;7406;Norm;CollgCr
5;5;CompShg;0;0;TA;1;No;324;912;336;TA;87000;9439;Norm;OldTown
7;5;CompShg;0;14;Gd;0;No;16;1504;0;Gd;191000;3182;Norm;Blmngtn
8;6;WdShake;3;0;Gd;0;Av;1165;2898;0;Gd;287000;15498;Norm;Timber
5;5;CompShg;0;0;TA;1;No;138;882;0;TA;112500;7700;Norm;CollgCr
5;5;CompShg;0;324;TA;1;No;697;1264;0;TA;167500;9300;Norm;NAmes
8;5;CompShg;0;338;Gd;0;Gd;1513;1646;0;Gd;293077;9520;Norm;Timber
5;5;CompShg;0;0;TA;1;No;368;968;408;TA;105000;9492;Norm;NAmes
6;7;CompShg;0;281;TA;1;No;317;672;546;TA;118000;1680;Norm;BrDale
5;8;CompShg;0;0;TA;1;Mn;0;948;980;TA;160000;7082;Norm;SWISU
7;3;CompShg;0;0;TA;1;No;523;1687;998;TA;197000;15863;Norm;SWISU
8;7;CompShg;0;0;Gd;0;No;1012;1352;1168;Gd;310000;14541;Norm;NoRidge
7;5;CompShg;0;295;Gd;0;No;986;1654;0;Gd;230000;8125;Norm;CollgCr
5;7;CompShg;0;0;TA;1;No;0;954;0;Fa;119750;6305;Norm;Crawfor
4;3;CompShg;0;0;TA;1;NA;0;845;0;TA;84000;11500;Norm;Edwards
9;5;CompShg;0;70;Gd;0;Gd;1022;1620;0;Ex;315500;12898;Norm;Timber
8;5;CompShg;0;396;Gd;0;No;0;1055;1208;Gd;287000;9240;Norm;CollgCr
4;6;CompShg;0;0;TA;1;No;0;798;546;TA;97000;1533;Norm;MeadowV
4;4;CompShg;0;0;TA;1;Av;509;630;0;TA;80000;1477;Norm;MeadowV
5;4;CompShg;0;67;TA;1;No;168;1803;0;TA;155000;13125;Norm;Sawyer
6;8;CompShg;0;252;TA;1;No;400;800;832;Gd;173000;9130;Norm;NWAmes
6;5;CompShg;0;135;Gd;0;Av;900;1306;0;Gd;196000;5381;Norm;NridgHt
7;5;CompShg;0;99;TA;1;No;1085;1532;797;Gd;262280;11839;Norm;SawyerW
8;5;WdShngl;1;0;Gd;0;No;1104;2524;0;Gd;278000;9600;Norm;NWAmes
3;5;CompShg;0;0;TA;1;NA;0;1733;0;TA;139600;13680;Norm;Edwards
9;5;CompShg;0;208;Gd;0;Av;240;1992;876;Ex;556581;16056;Norm;StoneBr
5;5;CompShg;0;0;TA;1;No;686;990;0;TA;145000;9245;Norm;CollgCr
5;4;CompShg;0;75;TA;1;NA;0;1771;0;TA;115000;21750;Norm;Mitchel
4;7;CompShg;0;0;TA;1;NA;0;930;0;Gd;84900;11100;Norm;Edwards
7;5;CompShg;0;0;Gd;0;Av;0;1302;0;Gd;176485;8993;Norm;Gilbert
7;5;CompShg;0;0;Gd;0;Av;0;1316;0;Gd;200141;11175;Norm;CollgCr
6;6;CompShg;0;272;TA;1;No;442;1127;850;TA;165000;9500;Norm;NAmes
5;6;CompShg;0;145;TA;1;Av;383;1526;0;TA;144500;8562;Norm;Edwards
8;5;CompShg;0;210;Gd;0;Mn;932;1091;898;Gd;255000;11367;Norm;CollgCr
6;5;CompShg;0;160;TA;1;No;644;1523;0;TA;180000;11361;Norm;NWAmes
7;5;CompShg;0;240;Gd;0;Av;659;1364;0;Gd;185850;7052;Norm;NridgHt
7;6;CompShg;0;0;Gd;0;No;595;979;871;Gd;248000;29959;Norm;NoRidge
9;5;CompShg;0;154;Ex;2;Av;936;1130;1054;Ex;335000;11308;Norm;NridgHt
6;7;CompShg;0;480;TA;1;Mn;297;1096;895;TA;220000;11275;Norm;Crawfor
8;5;CompShg;0;0;Gd;0;Mn;616;1338;0;Gd;213500;4920;Norm;StoneBr
3;4;CompShg;0;0;Fa;3;No;0;894;0;TA;81000;18000;Norm;IDOTRR
5;5;CompShg;0;0;TA;1;No;0;1422;915;TA;90000;13600;Norm;OldTown
6;6;CompShg;0;0;TA;1;No;397;1103;0;Gd;110500;6000;Norm;OldTown
5;6;CompShg;0;200;TA;1;Mn;740;1154;0;TA;154000;11000;Norm;NAmes
7;5;CompShg;0;0;Gd;0;Gd;1201;1306;954;Gd;328000;14000;Norm;ClearCr
6;7;CompShg;0;0;Gd;0;No;0;799;772;TA;178000;7837;Norm;Gilbert
6;6;CompShg;0;360;TA;1;Gd;674;798;813;TA;167900;9760;Norm;NAmes
6;4;CompShg;0;0;TA;1;No;837;1291;1230;TA;151400;3964;Norm;MeadowV
5;7;CompShg;0;0;TA;1;No;220;893;0;Gd;135000;9600;Norm;NAmes
5;5;CompShg;0;120;TA;1;No;586;1048;0;TA;135000;10152;Norm;NAmes
6;6;CompShg;0;0;TA;1;No;298;829;727;TA;154000;11700;Norm;NWAmes
5;3;CompShg;0;0;TA;1;Mn;0;1002;454;TA;91500;7585;Norm;Edwards
6;6;CompShg;0;140;TA;1;No;535;698;728;TA;159500;7950;Norm;Edwards
7;5;CompShg;0;0;Gd;0;Av;0;1240;0;Gd;194000;8556;Norm;CollgCr
7;6;CompShg;0;0;TA;1;No;410;960;780;TA;219500;13125;Norm;Crawfor
5;8;CompShg;0;0;TA;1;No;626;1096;370;Gd;170000;10800;Norm;OldTown
5;5;CompShg;0;0;TA;1;Mn;75;1096;0;TA;138800;15870;Norm;NAmes
6;5;CompShg;0;169;Gd;0;Mn;662;848;0;Gd;155900;4435;Norm;CollgCr
5;5;CompShg;0;0;TA;1;No;495;990;0;TA;126000;8775;Norm;CollgCr
6;7;CompShg;0;144;Gd;0;No;656;1258;0;Gd;145000;11040;Norm;NWAmes
5;5;CompShg;0;0;TA;1;No;824;1040;0;TA;133000;7500;Norm;Sawyer
7;5;CompShg;0;100;Gd;0;No;0;1459;0;Gd;192000;8749;Norm;CollgCr
6;6;CompShg;0;425;TA;1;No;553;1251;0;TA;160000;8800;Norm;NAmes
6;5;CompShg;0;0;TA;1;No;592;691;807;TA;187500;13031;Norm;Gilbert
6;6;CompShg;0;0;TA;1;Av;747;996;0;Gd;147000;9069;Norm;SawyerW
4;5;CompShg;0;0;TA;1;No;334;546;546;TA;83500;1974;Norm;MeadowV
8;5;CompShg;0;0;Gd;0;Mn;0;1082;871;Gd;252000;10574;Norm;Somerst
7;5;CompShg;0;50;Gd;0;No;0;970;739;Gd;137500;2522;Norm;Edwards
8;5;CompShg;0;0;Gd;0;No;1039;1247;0;Gd;197000;3316;Norm;Somerst
3;4;CompShg;0;0;TA;1;NA;0;1040;0;TA;92900;8544;Norm;NAmes
7;5;CompShg;0;212;Gd;0;No;510;624;628;Gd;160000;2160;Norm;Somerst
6;5;CompShg;0;0;TA;1;No;423;1390;304;TA;136500;8400;Norm;SWISU
5;8;CompShg;0;166;TA;1;Mn;661;1200;0;Gd;146000;9230;Norm;NAmes
5;7;CompShg;0;0;TA;1;No;248;936;0;TA;129000;5868;Norm;NAmes
6;5;CompShg;0;0;Gd;0;No;24;1314;0;Gd;176432;9317;Norm;CollgCr
6;7;CompShg;0;0;TA;1;No;0;773;582;Gd;127000;6882;Norm;IDOTRR
8;5;CompShg;0;0;Gd;0;No;0;1088;0;Gd;170000;3696;Norm;StoneBr
4;6;CompShg;0;0;TA;1;No;672;757;567;TA;128000;6000;Norm;BrkSide
7;5;CompShg;0;206;TA;1;No;704;1601;0;TA;157000;11880;Norm;NWAmes
2;5;CompShg;0;0;TA;1;No;290;438;0;Fa;60000;8400;Norm;SWISU
5;5;CompShg;0;0;TA;1;No;412;950;0;TA;119500;9758;Norm;NAmes
5;7;CompShg;0;45;TA;1;No;588;1134;0;TA;135000;7000;Norm;NAmes
6;6;CompShg;0;0;TA;1;Mn;655;1194;0;TA;159500;8910;Norm;NAmes
5;5;CompShg;0;304;TA;1;No;0;630;672;TA;106000;2016;Norm;BrDale
8;5;CompShg;0;362;Gd;0;Av;1032;1500;1122;Gd;325000;12256;Norm;NoRidge
7;5;CompShg;0;0;Gd;0;Mn;738;1442;0;Gd;179900;10357;Norm;SawyerW
7;5;CompShg;0;0;Gd;0;No;0;887;1134;Gd;274725;23257;Norm;Gilbert
6;5;CompShg;0;0;TA;1;No;0;948;742;TA;181000;8063;Norm;Gilbert
8;5;CompShg;0;42;Gd;0;Mn;1039;1836;0;Gd;280000;11362;Norm;NridgHt
6;5;CompShg;0;0;TA;1;No;219;773;885;TA;188000;8000;Norm;Gilbert
7;6;CompShg;0;660;TA;1;No;403;1098;866;TA;205000;10480;Norm;NWAmes
5;7;CompShg;0;0;TA;1;No;708;816;0;TA;129900;7100;Norm;NAmes
5;7;CompShg;0;0;TA;1;No;643;1008;0;Gd;134500;8923;Norm;NAmes
5;7;CompShg;0;0;TA;1;No;415;833;0;Gd;117000;5400;Norm;OldTown
8;5;CompShg;0;328;Gd;0;No;1004;1734;0;Ex;318000;12085;Norm;NridgHt
8;5;CompShg;0;0;Gd;0;No;353;779;640;Gd;184100;7750;Norm;Gilbert
5;7;CompShg;0;0;TA;1;No;702;894;0;Gd;130000;9764;Norm;Sawyer
5;6;CompShg;0;0;TA;1;No;0;1021;580;TA;140000;13825;Norm;Sawyer
5;5;CompShg;0;0;TA;1;No;369;1040;0;TA;133700;7560;Norm;NAmes
6;5;CompShg;0;0;TA;1;No;0;1012;0;TA;118400;8263;Norm;IDOTRR
7;5;CompShg;0;196;Gd;0;Av;24;1552;0;Gd;212900;10084;Norm;CollgCr
4;3;CompShg;0;0;TA;1;No;0;960;0;TA;112000;8926;Norm;Edwards
5;9;CompShg;0;0;TA;1;No;0;698;0;TA;118000;9405;Norm;Edwards
7;5;CompShg;0;170;TA;1;No;0;812;670;Gd;163900;9125;Norm;Gilbert
4;5;CompShg;0;0;TA;1;No;0;1005;0;Fa;115000;10434;Norm;NAmes
7;5;CompShg;0;130;Gd;0;No;0;1555;0;Gd;174000;3684;Norm;Blmngtn
7;5;CompShg;0;0;Gd;0;Av;1300;1530;0;Gd;259000;14572;Norm;Gilbert
7;5;CompShg;0;0;Gd;0;Av;0;847;1112;Gd;215000;11796;Norm;Gilbert
5;5;CompShg;0;180;TA;1;Gd;936;936;0;TA;140000;7200;Norm;OldTown
4;3;CompShg;0;0;TA;1;No;622;1328;653;Gd;135000;7804;Norm;SWISU
5;5;CompShg;0;0;TA;1;Mn;212;974;0;TA;93500;10712;Norm;Mitchel
6;4;CompShg;0;0;TA;1;Mn;0;1178;1032;Fa;117500;9900;Norm;OldTown
8;5;CompShg;0;0;Gd;0;No;584;1142;878;Gd;239500;9828;Norm;SawyerW
6;5;CompShg;0;0;TA;1;Av;0;916;684;TA;169000;8773;Norm;Gilbert
6;5;CompShg;0;0;TA;1;No;0;986;0;TA;102000;6180;Norm;BrkSide
6;5;CompShg;0;0;TA;1;No;280;1032;220;TA;119000;9600;Norm;NAmes
5;8;CompShg;0;0;TA;1;No;0;780;240;TA;94000;6342;Norm;Sawyer
6;5;CompShg;0;0;TA;1;Gd;1567;1567;0;Gd;196000;9819;Norm;Mitchel
5;5;CompShg;0;0;TA;1;No;645;1167;0;TA;144000;8731;Norm;BrkSide
5;7;CompShg;0;0;TA;1;Mn;852;952;0;TA;139000;7350;Norm;NAmes
5;7;CompShg;0;44;TA;1;No;381;1088;780;Gd;197500;10304;Norm;NWAmes
8;5;CompShg;0;340;Gd;0;Gd;1150;1466;1362;Gd;424870;9965;Norm;CollgCr
5;3;CompShg;0;0;TA;1;No;288;1006;0;TA;80000;9000;Norm;Sawyer
4;4;CompShg;0;0;TA;1;No;348;672;252;Fa;80000;12180;Norm;Edwards
5;6;CompShg;0;0;TA;1;No;0;1042;534;TA;149000;6240;Norm;BrkSide
6;5;CompShg;0;85;Gd;0;No;1258;1298;0;Gd;180000;11200;Norm;SawyerW
7;7;CompShg;0;0;TA;1;No;275;860;704;Fa;174500;12000;Norm;Crawfor
7;7;CompShg;0;0;TA;1;No;0;572;539;TA;116900;5700;Norm;OldTown
7;9;CompShg;0;0;TA;1;No;624;832;650;TA;143000;9000;Norm;OldTown
6;5;CompShg;0;0;TA;1;No;0;932;0;Gd;124000;8280;Norm;NAmes
5;4;CompShg;0;132;TA;1;No;176;1466;0;Fa;149900;17755;Norm;Edwards
6;7;CompShg;0;0;TA;1;No;296;1811;0;Ex;230000;14115;Norm;Crawfor
6;8;CompShg;0;0;Gd;0;Av;538;816;0;TA;120500;5890;Norm;IDOTRR
7;6;CompShg;0;288;TA;1;Gd;454;902;918;Gd;201800;13700;Norm;NAmes
5;8;CompShg;0;0;Gd;0;Gd;1157;1437;0;Gd;218000;10768;Norm;Veenker
5;8;CompShg;0;0;TA;1;Gd;633;1265;0;Gd;179900;9350;Norm;NAmes
7;5;CompShg;0;166;Gd;0;No;904;1314;0;Gd;230000;5001;Norm;NridgHt
8;5;CompShg;0;186;Gd;0;No;0;1580;0;Gd;235128;11932;Norm;Somerst
6;6;CompShg;0;270;Gd;0;No;442;943;933;Gd;185000;9120;Norm;NWAmes
6;5;CompShg;0;0;TA;1;No;311;855;601;TA;146000;2280;Norm;NPkVill
6;7;CompShg;0;72;Gd;0;No;728;1640;0;Gd;224000;14778;Norm;Crawfor
5;5;CompShg;0;0;TA;1;No;492;894;0;TA;129000;8724;Norm;Sawyer
4;4;CompShg;0;0;TA;1;Av;1198;1258;0;TA;108959;12900;Norm;Sawyer
5;7;CompShg;0;0;TA;1;Gd;680;1432;0;Gd;194000;16157;Norm;Veenker
7;5;CompShg;0;268;Gd;0;No;0;1502;0;Gd;233170;9541;Norm;NridgHt
8;5;CompShg;0;72;Gd;0;Av;0;1694;0;Gd;245350;10475;Norm;CollgCr
6;5;CompShg;0;0;TA;1;No;786;959;712;TA;173000;10852;Norm;Gilbert
6;7;CompShg;0;0;TA;1;No;626;1236;872;Gd;235000;13728;Norm;Edwards
10;5;CompShg;0;1378;Gd;0;Gd;1387;1831;1796;Gd;625000;35760;Norm;NoRidge
6;6;CompShg;0;0;TA;1;Av;522;1118;0;TA;171000;9880;Norm;Mitchel
6;6;CompShg;0;0;TA;1;No;662;1261;0;TA;163000;9120;Norm;NAmes
7;5;CompShg;0;0;Gd;0;No;0;625;625;Gd;171900;4017;Norm;Somerst
5;6;CompShg;0;0;TA;1;No;152;1636;971;Ex;200500;18030;Norm;ClearCr
6;8;CompShg;0;0;TA;1;No;503;1170;1175;TA;239000;16560;Norm;Crawfor
8;5;CompShg;0;337;Gd;0;No;700;2129;743;Gd;285000;10678;Norm;NoRidge
5;5;CompShg;0;0;TA;1;No;658;923;0;TA;119500;6951;Norm;Mitchel
6;8;CompShg;0;0;TA;1;No;468;818;406;TA;115000;3950;Norm;OldTown
5;6;CompShg;0;0;TA;1;No;0;820;523;TA;154900;7681;Norm;Crawfor
5;5;CompShg;0;0;TA;1;NA;0;1124;0;TA;93000;8335;Norm;Edwards
7;5;CompShg;0;0;TA;1;No;1216;1298;1216;TA;250000;11170;Norm;Timber
8;5;CompShg;0;186;Ex;2;Gd;1480;1652;0;Gd;392500;5587;Norm;Crawfor
10;5;CompShg;0;0;Gd;0;Av;2096;2411;2065;Ex;745000;15623;Norm;NoRidge
5;6;CompShg;0;0;TA;1;No;821;1130;0;TA;120000;10800;Norm;OldTown
5;4;CompShg;0;226;TA;1;Gd;1159;1572;0;TA;186700;35133;Norm;Timber
5;7;CompShg;0;0;TA;1;No;392;949;272;TA;104900;9738;Norm;Edwards
3;5;CompShg;0;0;TA;1;Mn;440;1014;685;TA;95000;10615;Artery;OldTown
8;5;CompShg;0;0;Gd;0;No;1456;1624;0;Gd;262000;12461;Norm;NoRidge
7;5;CompShg;0;95;Gd;0;No;0;831;829;Gd;195000;8935;Norm;CollgCr
7;5;CompShg;0;0;TA;1;No;0;1028;776;Gd;189000;7500;Norm;Gilbert
4;4;CompShg;0;149;TA;1;Av;1159;1622;0;TA;168000;32463;Norm;Mitchel
8;5;CompShg;0;456;Gd;0;No;0;764;677;Gd;174000;2645;Norm;Somerst
5;8;CompShg;0;0;TA;1;Mn;0;842;630;Gd;125000;9600;Norm;OldTown
6;5;CompShg;0;425;TA;1;No;883;1224;0;TA;165000;4500;Norm;Mitchel
6;7;CompShg;0;143;TA;1;No;371;663;689;TA;158000;9364;Norm;Sawyer
6;5;CompShg;0;0;TA;1;No;0;728;728;Gd;176000;8029;Norm;Gilbert
7;5;CompShg;0;0;Gd;0;Av;0;879;984;Gd;219210;14054;Norm;Gilbert
7;6;CompShg;0;0;TA;1;No;0;815;875;TA;144000;8850;Norm;OldTown
7;5;CompShg;0;0;Gd;0;No;0;1212;0;Gd;178000;9100;Norm;CollgCr
4;5;CompShg;0;51;TA;1;No;547;1382;0;TA;148000;11235;Norm;Sawyer
4;5;CompShg;0;0;TA;1;No;0;864;0;TA;116050;9353;Norm;NAmes
7;5;CompShg;0;0;TA;1;Av;0;866;913;Gd;197900;10400;Norm;CollgCr
5;8;CompShg;0;0;TA;1;No;0;884;464;TA;117000;6000;Norm;BrkSide
7;5;CompShg;0;171;Gd;0;No;0;1630;0;Gd;213000;9750;Norm;CollgCr
5;6;CompShg;0;0;TA;1;No;788;1074;0;TA;153500;10140;Norm;NWAmes
7;7;CompShg;0;234;Gd;0;Mn;485;2196;0;Gd;271900;14684;Norm;SawyerW
4;4;CompShg;0;0;TA;1;No;1056;1056;0;TA;107000;8900;Norm;SawyerW
6;5;CompShg;0;120;Gd;0;Av;340;1700;0;Gd;200000;9135;Norm;CollgCr
5;7;CompShg;0;0;TA;1;No;504;1283;0;TA;140000;7763;Norm;NAmes
8;5;CompShg;0;420;Gd;0;Mn;1220;1660;0;Gd;290000;10182;Norm;Somerst
6;5;CompShg;0;0;Gd;0;No;0;1055;790;Gd;189000;11218;Norm;SawyerW
8;7;CompShg;0;0;Gd;0;Av;427;1080;672;TA;164000;12134;Norm;Gilbert
4;6;CompShg;0;0;TA;1;No;344;672;0;TA;113000;9340;Norm;Edwards
4;9;CompShg;0;0;TA;1;Av;648;960;0;TA;145000;10246;Norm;Sawyer
5;5;CompShg;0;0;TA;1;Av;784;999;0;TA;134500;10205;Norm;NAmes
5;5;CompShg;0;0;TA;1;No;180;894;0;TA;125000;7094;Norm;Sawyer
6;5;CompShg;0;0;TA;1;NA;0;1318;584;TA;112000;8930;Norm;Sawyer
8;5;CompShg;0;72;Gd;0;Mn;936;1314;0;Gd;229456;8640;Norm;Somerst
4;5;CompShg;0;0;TA;1;NA;0;672;240;TA;80500;6240;Norm;BrkSide
6;5;CompShg;0;236;TA;1;No;0;672;546;TA;91500;1680;Norm;BrDale
5;5;CompShg;0;0;TA;1;No;312;912;0;TA;115000;7800;Norm;NAmes
5;5;CompShg;0;0;TA;1;No;250;1211;0;TA;134000;8250;Norm;Sawyer
6;6;CompShg;0;320;TA;1;Mn;196;1168;678;TA;143000;10496;Norm;NAmes
5;3;CompShg;0;44;TA;1;No;756;2136;0;TA;137900;10680;Norm;NAmes
7;5;CompShg;0;0;Gd;0;Av;724;788;702;Gd;184000;15384;Norm;Gilbert
6;8;CompShg;0;63;TA;1;Av;507;1138;0;TA;145000;10482;Norm;NAmes
6;5;CompShg;0;74;Gd;0;Mn;0;894;1039;Gd;214000;14598;Norm;Somerst
5;8;CompShg;0;300;TA;1;No;595;912;0;Gd;147000;8872;Norm;NAmes
9;5;CompShg;0;766;Ex;2;No;1540;1702;0;Ex;367294;8769;Norm;NridgHt
5;5;CompShg;0;0;TA;1;No;666;1507;0;TA;127000;7910;Norm;NAmes
5;5;CompShg;0;1;TA;1;No;498;1361;1259;TA;190000;18890;RRAe;Sawyer
5;6;CompShg;0;120;TA;1;Av;803;1190;0;TA;132500;7728;Norm;NAmes
4;5;CompShg;0;0;TA;1;NA;0;1224;0;TA;101800;9842;Norm;NAmes
5;5;CompShg;0;180;TA;1;No;1000;1188;0;TA;142000;12160;Norm;NAmes
5;6;CompShg;0;0;TA;1;Av;0;1024;940;TA;130000;8525;Norm;SWISU
5;5;CompShg;0;0;TA;1;Mn;0;892;892;TA;138887;13132;Norm;Crawfor
7;5;CompShg;0;106;Gd;0;No;0;764;862;Gd;175500;2628;Norm;NridgHt
7;5;CompShg;0;0;Gd;0;No;0;847;1101;Gd;195000;12393;Norm;CollgCr
6;5;CompShg;0;0;Gd;0;No;0;1141;0;TA;142500;13072;Norm;SawyerW
8;5;CompShg;0;32;Gd;0;Av;428;1484;0;Ex;265900;9037;Norm;Timber
7;5;CompShg;0;252;Gd;0;No;550;884;884;Gd;224900;8158;Norm;CollgCr
7;6;CompShg;0;0;Gd;0;Av;0;1689;0;Gd;248328;9849;Norm;Somerst
7;6;CompShg;0;81;TA;1;Gd;885;1173;0;Gd;170000;10625;Norm;NWAmes
10;5;CompShg;0;NA;Ex;2;Gd;1386;2076;0;Ex;465000;13891;Norm;NridgHt
8;7;CompShg;0;0;TA;1;No;0;792;725;Gd;230000;11435;Norm;Crawfor
6;7;CompShg;0;74;TA;1;No;0;1140;728;TA;178000;12090;Norm;NWAmes
7;5;CompShg;0;0;Gd;0;No;0;756;797;Gd;186500;8125;Norm;Somerst
6;5;CompShg;0;335;TA;1;Av;539;1034;0;TA;169900;12328;Norm;Mitchel
6;5;CompShg;0;0;TA;1;No;319;1134;924;TA;129500;9600;Norm;OldTown
5;7;CompShg;0;0;TA;1;No;534;988;0;TA;119000;7200;Norm;NAmes
7;5;CompShg;0;0;Gd;0;No;1065;2110;0;Ex;244000;11160;Norm;NAmes
7;5;CompShg;0;163;Gd;0;No;0;1405;0;Gd;171750;3136;Norm;NridgHt
5;6;CompShg;0;0;TA;1;No;510;874;0;TA;130000;9858;Norm;Mitchel
7;7;CompShg;0;0;Gd;0;Gd;125;1516;651;Gd;294000;17542;Norm;Veenker
7;5;CompShg;0;92;Gd;0;No;0;760;896;Gd;165400;6931;Norm;Edwards
6;6;CompShg;0;0;TA;1;No;425;959;408;TA;127500;6240;Norm;BrkSide
8;5;CompShg;0;554;Gd;0;Gd;1314;1987;0;Gd;301500;14303;Norm;NoRidge
5;8;CompShg;0;0;TA;1;No;0;864;0;TA;99900;4060;Norm;Edwards
7;5;CompShg;0;182;Gd;0;Gd;655;1166;0;Gd;190000;9587;Norm;Gilbert
6;8;CompShg;0;0;TA;1;No;602;1054;0;TA;151000;9750;Norm;NAmes
6;5;CompShg;0;0;TA;1;No;0;892;783;TA;181000;24682;Norm;Gilbert
5;6;CompShg;0;0;TA;1;No;504;1050;0;TA;128900;9600;Norm;NAmes
4;5;CompShg;0;0;TA;1;Av;0;1104;684;TA;161500;11250;Norm;ClearCr
6;6;CompShg;0;0;TA;1;No;0;1060;764;TA;180500;13515;Norm;BrkSide
6;5;CompShg;0;0;Gd;0;No;266;1337;0;Gd;181000;4060;Norm;NAmes
7;5;CompShg;0;218;Gd;0;No;450;713;739;Gd;183900;3735;Norm;Somerst
7;4;CompShg;0;0;Fa;3;No;0;964;925;TA;122000;10120;Norm;OldTown
9;5;CompShg;0;0;Ex;2;Gd;0;2018;0;Ex;378500;13214;Norm;Timber
8;9;CompShg;0;632;TA;1;Mn;192;1968;1479;Gd;381000;14100;Norm;Crawfor
5;5;CompShg;0;180;TA;1;No;460;874;650;TA;144000;11344;Norm;NAmes
7;6;WdShake;3;0;Gd;0;Gd;1258;1332;192;Gd;260000;23595;Norm;ClearCr
6;7;CompShg;0;0;TA;1;No;0;1489;0;Gd;185750;9156;Norm;NWAmes
5;6;CompShg;0;114;TA;1;No;560;935;0;TA;137000;13526;Norm;Sawyer
6;7;CompShg;0;84;TA;1;Av;719;1357;0;Ex;177000;11512;Norm;Edwards
5;6;CompShg;0;0;TA;1;No;0;661;589;TA;139000;5362;Norm;Crawfor
5;5;Roll;5;567;TA;1;No;220;928;992;TA;137000;11345;Norm;NAmes
6;6;CompShg;0;0;TA;1;No;593;735;660;TA;162000;12936;Norm;NWAmes
6;5;CompShg;0;359;TA;1;Av;528;1724;0;TA;197900;17871;Norm;NWAmes
8;5;CompShg;0;NA;Gd;0;No;804;1128;903;Gd;237000;9473;Norm;CollgCr
4;4;CompShg;0;0;TA;1;No;0;698;430;TA;68400;7500;Norm;IDOTRR
7;5;CompShg;0;110;Gd;0;No;788;1573;0;Gd;227000;9808;Norm;CollgCr
7;5;CompShg;0;54;TA;1;No;1053;1339;0;TA;180000;8049;Norm;Timber
5;7;CompShg;0;0;TA;1;Mn;532;1040;0;Gd;150500;8800;Norm;CollgCr
6;5;CompShg;0;0;TA;1;Av;0;912;912;TA;139000;9400;Norm;Mitchel
6;7;CompShg;0;0;TA;1;No;0;1699;748;Gd;169000;9638;Norm;SWISU
6;6;CompShg;0;0;TA;1;No;0;825;587;TA;132500;6000;Norm;BrkSide
6;5;CompShg;0;451;TA;1;No;569;1328;0;TA;143000;9790;Norm;NWAmes
5;5;CompShg;0;621;TA;1;Av;812;1582;0;TA;190000;36500;Norm;ClearCr
8;5;CompShg;0;0;Gd;0;No;1158;1659;0;Ex;278000;5664;Norm;StoneBr
8;5;CompShg;0;788;Gd;0;Mn;0;1120;850;Ex;281000;11065;Norm;NridgHt
5;7;CompShg;0;86;TA;1;Av;1014;1152;0;TA;180500;14112;Norm;NAmes
5;7;CompShg;0;268;TA;1;No;231;630;672;TA;119500;1680;Norm;BrDale
5;4;CompShg;0;0;TA;1;No;0;1378;994;TA;107500;6600;Norm;OldTown
7;5;CompShg;0;0;TA;1;No;194;832;832;TA;162900;10140;Norm;NWAmes
5;7;CompShg;0;0;TA;1;No;167;864;0;TA;115000;8172;Norm;Edwards
5;5;CompShg;0;168;TA;1;Av;1016;1052;0;TA;138500;8400;Norm;NAmes
5;6;CompShg;0;148;TA;1;Mn;776;1128;0;TA;155000;8700;Norm;NAmes
6;5;CompShg;0;82;TA;1;Gd;547;1072;0;TA;140000;3675;Norm;Edwards
10;5;ClyTile;6;796;Ex;2;Gd;5644;4692;950;Ex;160000;63887;Norm;Edwards
5;7;CompShg;0;0;TA;1;No;340;1246;0;Gd;154000;7500;Norm;NAmes
7;5;CompShg;0;344;Gd;0;No;694;1005;978;Gd;225000;10762;Norm;Gilbert
6;7;CompShg;0;0;TA;1;No;547;753;741;Gd;177500;7500;Norm;Crawfor
8;5;CompShg;0;391;Gd;0;No;740;1203;1323;Gd;290000;10120;Norm;NoRidge
7;5;CompShg;0;228;Gd;0;Av;0;1616;0;Gd;232000;8688;Norm;Somerst
7;5;CompShg;0;117;Gd;0;No;0;976;732;Gd;130000;3363;Norm;Edwards
9;5;CompShg;0;300;Gd;0;No;1572;1652;0;Ex;325000;13173;Norm;NridgHt
7;5;CompShg;0;94;Gd;0;No;0;1368;0;Gd;202500;6955;Norm;NridgHt
5;5;CompShg;0;0;TA;1;No;746;990;0;TA;138000;8072;Norm;CollgCr
5;7;CompShg;0;0;TA;1;No;144;1122;0;Gd;147000;12000;Norm;OldTown
6;5;CompShg;0;88;TA;1;No;1200;1294;0;Gd;179200;7153;Norm;SawyerW
7;8;CompShg;0;0;Gd;0;Av;1406;1902;0;Ex;335000;17500;Norm;Crawfor
7;5;CompShg;0;80;Gd;0;No;925;1274;0;Gd;203000;8814;Norm;CollgCr
8;5;CompShg;0;336;Gd;0;No;482;1453;1357;Gd;302000;9572;Norm;NoRidge
9;5;CompShg;0;165;Gd;0;No;0;1422;1177;Gd;333168;14774;Norm;NoRidge
4;6;CompShg;0;0;TA;1;No;732;948;0;TA;119000;8190;Norm;Edwards
6;5;CompShg;0;0;TA;1;Mn;500;1092;1020;TA;206900;11075;Norm;NAmes
8;5;CompShg;0;270;Gd;0;Gd;0;1630;0;Ex;295493;10226;Norm;CollgCr
7;5;CompShg;0;0;Gd;0;No;0;1352;0;Gd;208900;4230;Norm;Somerst
8;5;CompShg;0;178;Gd;0;Gd;0;1787;0;Gd;275000;14781;Norm;CollgCr
4;5;CompShg;0;132;TA;1;No;492;948;0;TA;111000;10215;Norm;Edwards
6;3;CompShg;0;0;TA;1;No;189;1478;0;TA;156500;8400;Norm;NAmes
3;6;CompShg;0;0;TA;1;NA;0;720;0;TA;72500;6627;Norm;BrkSide
7;5;CompShg;0;0;Gd;0;No;674;1061;862;Gd;190000;10186;Norm;NoRidge
4;7;CompShg;0;0;Fa;3;No;280;708;0;Fa;82500;5330;Norm;BrkSide
8;5;CompShg;0;428;Gd;0;Av;0;1795;0;Gd;147000;9986;Norm;Somerst
4;4;CompShg;0;0;TA;1;No;0;796;0;TA;55000;3636;Norm;IDOTRR
3;6;CompShg;0;0;TA;1;No;544;774;0;Gd;79000;4270;Norm;Edwards
5;9;CompShg;0;0;Gd;0;No;641;816;0;Gd;130500;6600;Norm;Mitchel
6;7;CompShg;0;0;Gd;0;No;493;1584;1208;TA;256000;10440;Norm;OldTown
7;5;CompShg;0;0;TA;1;No;0;955;677;TA;176500;9084;Norm;Gilbert
8;5;CompShg;0;410;Gd;0;Av;0;1588;0;Gd;227000;10000;Norm;Somerst
5;5;CompShg;0;0;TA;1;Av;483;954;0;TA;132500;10780;Norm;CollgCr
4;6;CompShg;0;0;TA;1;Mn;690;816;0;TA;100000;8877;Norm;Edwards
5;6;CompShg;0;0;TA;1;No;0;803;557;Gd;125500;7200;Norm;IDOTRR
5;6;CompShg;0;312;TA;1;No;765;765;600;TA;125000;2368;Norm;BrDale
6;5;CompShg;0;360;TA;1;No;686;1334;0;TA;167900;9650;Norm;NWAmes
5;5;CompShg;0;564;TA;1;No;0;1656;0;TA;135000;9246;Norm;NWAmes
4;4;CompShg;0;0;TA;1;No;0;693;0;Fa;52500;4118;Norm;OldTown
7;5;CompShg;0;0;Gd;0;No;700;920;941;Gd;200000;13450;Norm;CollgCr
5;7;CompShg;0;0;TA;1;Mn;360;864;0;TA;128500;9560;Norm;CollgCr
4;5;CompShg;0;0;TA;1;No;0;872;0;TA;123000;8294;Norm;NAmes
6;5;CompShg;0;0;TA;1;No;814;1114;0;Gd;155000;13695;Norm;SawyerW
8;5;CompShg;0;149;Gd;0;No;0;1284;885;Gd;228500;9375;Norm;CollgCr
6;6;CompShg;0;0;TA;1;No;0;1172;741;TA;177000;7558;Norm;Crawfor
7;5;CompShg;0;0;Gd;0;No;0;728;728;Gd;155835;11103;Norm;CollgCr
4;4;CompShg;0;0;TA;1;No;250;960;0;Fa;108500;6000;Norm;OldTown
7;7;CompShg;0;0;TA;1;No;297;2156;0;TA;262500;20781;Norm;NWAmes
8;5;CompShg;0;100;Gd;0;Gd;80;1776;0;Gd;283463;15306;Norm;Timber
7;5;CompShg;0;0;Gd;0;Gd;1443;1494;0;Gd;215000;16196;Norm;SawyerW
8;5;CompShg;0;0;TA;1;No;259;938;1215;TA;122000;5250;Norm;OldTown
5;5;CompShg;0;368;TA;1;No;500;1338;1296;TA;200000;11643;Norm;NAmes
6;6;CompShg;0;318;TA;1;No;319;858;858;TA;171000;9247;Norm;NAmes
6;9;CompShg;0;0;Gd;0;No;0;786;390;TA;134900;6000;Norm;BrkSide
8;5;CompShg;0;579;Gd;0;Av;816;2053;1185;Gd;410000;14720;Norm;NoRidge
7;5;CompShg;0;0;Gd;0;No;735;992;873;Gd;235000;10316;Norm;CollgCr
7;6;CompShg;0;143;TA;1;No;0;1222;698;Gd;170000;10192;Norm;NWAmes
5;5;CompShg;0;65;TA;1;No;340;892;0;TA;110000;9477;Norm;NAmes
5;6;CompShg;0;0;TA;1;No;734;1078;0;TA;149900;12537;Norm;NAmes
6;5;CompShg;0;216;Gd;0;No;378;769;804;Gd;177500;2117;Norm;Somerst
9;5;CompShg;0;66;Gd;0;Av;1447;1980;0;Ex;315000;16737;Norm;NridgHt
5;6;CompShg;0;0;TA;1;No;0;990;1611;TA;189000;9842;Norm;SWISU
7;5;CompShg;0;16;Gd;0;Av;1274;1530;0;Gd;260000;16158;Norm;StoneBr
4;4;CompShg;0;0;TA;1;No;0;1281;457;TA;104900;12513;Norm;NAmes
6;5;CompShg;0;0;TA;1;No;0;616;796;Gd;156932;8499;Norm;Gilbert
7;5;CompShg;0;0;Gd;0;No;0;520;600;Gd;144152;3180;Norm;Somerst
7;5;CompShg;0;0;Gd;0;No;533;814;860;Gd;216000;7500;Norm;Somerst
7;5;CompShg;0;158;Gd;0;No;633;882;908;Gd;193000;9179;Norm;CollgCr
5;6;CompShg;0;0;TA;1;No;548;925;550;TA;127000;2665;Norm;MeadowV
6;5;CompShg;0;170;Gd;0;Av;685;848;0;Gd;144000;4435;Norm;CollgCr
8;5;CompShg;0;171;Gd;0;Av;370;1668;0;Gd;232000;10635;Norm;CollgCr
4;6;CompShg;0;0;Fa;3;No;315;840;534;TA;105000;5400;Norm;OldTown
6;6;CompShg;0;0;TA;1;Av;831;1661;0;Gd;165500;9600;Norm;NAmes
7;6;CompShg;0;0;TA;1;Av;975;1108;989;Gd;274300;9750;Norm;CollgCr
10;5;CompShg;0;705;Ex;2;Gd;1282;2633;0;Ex;466500;11400;Norm;NoRidge
7;5;CompShg;0;0;Gd;0;No;0;1026;932;Gd;250000;10625;Norm;Somerst
8;5;CompShg;0;80;Gd;0;Gd;0;1571;0;Gd;239000;10991;Norm;Timber
6;5;CompShg;0;0;TA;1;Mn;384;790;0;TA;91000;6292;Norm;SWISU
5;5;CompShg;0;0;TA;1;No;408;984;620;TA;117000;10998;Norm;Edwards
6;5;CompShg;0;408;TA;1;No;309;483;504;TA;83000;1953;Norm;BrDale
5;5;CompShg;0;0;TA;1;No;0;754;640;Gd;167500;9735;Norm;Timber
3;3;CompShg;0;0;TA;1;No;203;864;0;TA;58500;8212;Norm;Edwards
6;7;CompShg;0;0;TA;1;Mn;865;2117;0;TA;237500;12925;Norm;NAmes
7;7;CompShg;0;0;TA;1;No;0;998;764;Gd;157000;7200;Norm;OldTown
5;7;CompShg;0;0;TA;1;No;0;1416;0;Gd;112000;25339;Norm;Sawyer
6;5;CompShg;0;0;TA;1;Mn;204;698;560;TA;105000;9060;Norm;Edwards
4;8;CompShg;0;0;TA;1;No;735;796;358;Gd;125500;5436;Norm;IDOTRR
7;5;CompShg;0;184;TA;1;No;790;1392;1392;Gd;250000;16692;Norm;NWAmes
6;7;CompShg;0;0;TA;1;No;168;1664;862;Gd;136000;8520;Norm;OldTown
9;5;CompShg;0;160;Ex;2;Gd;1320;1746;0;Ex;377500;14892;Norm;Gilbert
6;6;CompShg;0;0;TA;1;No;375;869;349;TA;131000;6000;Norm;BrkSide
7;5;CompShg;0;244;Gd;0;Av;1400;1525;0;Gd;235000;9100;Norm;CollgCr
5;5;CompShg;0;0;TA;1;No;0;1584;0;TA;124000;8944;Norm;NAmes
5;5;CompShg;0;0;TA;1;Av;769;900;0;TA;123000;7838;Norm;NAmes
6;7;CompShg;0;0;TA;1;No;0;1221;691;TA;163000;10800;Norm;OldTown
7;5;CompShg;0;45;Gd;0;Av;1070;1500;0;Gd;246578;4045;Norm;Blmngtn
8;5;CompShg;0;245;Gd;0;Gd;0;1133;1349;Gd;281213;12665;Norm;Timber
5;5;CompShg;0;0;TA;1;Av;353;1687;0;TA;160000;57200;Norm;Timber
5;8;CompShg;0;0;TA;1;Mn;0;939;574;TA;137500;6120;Norm;BrkSide
5;4;CompShg;0;0;TA;1;No;180;1136;768;TA;138000;7200;Norm;NAmes
6;6;CompShg;0;0;TA;1;No;264;1160;448;Gd;137450;6171;Norm;SWISU
6;7;CompShg;0;0;TA;1;No;0;950;208;TA;120000;6000;Norm;BrkSide
6;5;CompShg;0;0;TA;1;No;759;864;729;TA;193000;7415;Norm;Gilbert
7;5;CompShg;0;0;Gd;0;Av;0;1294;0;Gd;193879;6762;Norm;CollgCr
8;5;CompShg;0;84;Gd;0;Gd;929;1464;0;Gd;282922;15256;Norm;Somerst
3;4;CompShg;0;0;TA;1;No;0;694;520;TA;105000;10410;Norm;OldTown
8;5;CompShg;0;174;Gd;0;Gd;1373;1646;0;Gd;275000;3842;Norm;Crawfor
5;7;CompShg;0;0;TA;1;Av;656;768;0;TA;133000;8445;Norm;CollgCr
5;5;CompShg;0;0;TA;1;No;625;833;0;TA;112000;8780;Norm;Mitchel
4;7;CompShg;0;0;TA;1;No;0;741;622;TA;125500;7740;Norm;OldTown
7;6;CompShg;0;123;TA;1;No;0;1236;857;TA;215000;20544;Norm;NWAmes
7;5;CompShg;0;0;Gd;0;No;666;944;896;Gd;230000;12420;Norm;CollgCr
6;8;CompShg;0;0;TA;1;No;120;1112;556;TA;140000;9600;Norm;NAmes
4;5;CompShg;0;0;TA;1;NA;0;1040;0;TA;90000;7200;Norm;NAmes
8;5;CompShg;0;366;Gd;0;No;976;1844;0;Gd;257000;10994;Norm;SawyerW
6;7;CompShg;0;0;TA;1;No;0;1053;795;Gd;207000;13053;Norm;BrkSide
7;5;CompShg;0;130;Gd;0;No;988;1569;0;Gd;175900;3635;Norm;Blmngtn
4;6;CompShg;0;0;TA;1;No;0;1246;1044;TA;122500;11340;Norm;OldTown
8;5;CompShg;0;731;Gd;0;Mn;781;1310;1140;Gd;340000;16545;Norm;NoRidge
5;5;CompShg;0;0;TA;1;No;25;1144;0;TA;124000;9204;Norm;NAmes
6;5;CompShg;0;312;Gd;0;Av;1110;1844;0;Gd;223000;16381;Norm;Crawfor
6;6;CompShg;0;420;TA;1;No;404;708;708;TA;179900;11700;Norm;NWAmes
6;5;CompShg;0;0;TA;1;No;360;1069;0;TA;127500;4043;Norm;NPkVill
6;5;CompShg;0;170;Gd;0;Av;686;848;0;Gd;136500;4435;Norm;CollgCr
6;7;Tar&Grv;7;0;Gd;0;Av;0;1575;626;Gd;274970;19690;Norm;Edwards
5;5;CompShg;0;0;TA;1;No;457;1344;0;TA;144000;9503;Norm;NAmes
6;6;CompShg;0;243;Gd;0;No;0;1252;0;Gd;142000;10721;Norm;NAmes
7;5;CompShg;0;448;Gd;0;No;1000;1223;904;Gd;271000;10944;Norm;NoRidge
5;6;CompShg;0;0;TA;1;No;580;1048;510;TA;140000;10930;Norm;NAmes
5;7;CompShg;0;294;TA;1;No;510;804;0;Gd;119000;7200;Norm;OldTown
6;7;CompShg;0;310;Gd;0;No;678;1440;0;Gd;182900;12546;Norm;NWAmes
5;5;CompShg;0;0;Gd;0;Av;0;734;1104;TA;192140;21930;Norm;Gilbert
6;6;CompShg;0;0;TA;1;No;958;958;0;TA;143750;4928;Norm;NPkVill
4;6;CompShg;0;0;TA;1;No;0;968;0;TA;64500;10800;Norm;OldTown
6;5;CompShg;0;318;TA;1;No;0;962;830;TA;186500;10261;Norm;Gilbert
5;5;CompShg;0;0;TA;1;No;936;1126;0;TA;160000;17400;Norm;Mitchel
6;9;CompShg;0;237;Gd;0;No;0;1537;0;Gd;174000;8400;Norm;NAmes
4;6;CompShg;0;0;TA;1;No;616;864;0;TA;120500;9000;Norm;NAmes
8;5;CompShg;0;426;Ex;2;Av;1336;1932;0;Ex;394617;12444;Norm;NridgHt
6;7;CompShg;0;0;TA;1;No;600;1236;0;TA;149700;7407;Norm;OldTown
7;6;CompShg;0;96;TA;1;No;315;1040;685;TA;197000;11584;Norm;NWAmes
6;7;CompShg;0;0;TA;1;No;0;1423;748;TA;191000;11526;Norm;Crawfor
6;5;CompShg;0;147;Gd;0;Av;697;848;0;Gd;149300;4426;Norm;CollgCr
10;5;CompShg;0;160;Ex;2;Av;765;1026;981;Ex;310000;11003;Norm;Somerst
6;6;CompShg;0;0;TA;1;No;0;952;0;Fa;121000;8854;Norm;BrkSide
7;5;CompShg;0;106;Gd;0;Av;0;1422;0;Gd;179600;8500;Norm;CollgCr
6;5;CompShg;0;0;TA;1;Gd;187;913;0;TA;129000;8400;Norm;Sawyer
5;7;CompShg;0;189;TA;1;No;593;1188;0;TA;157900;26142;Norm;Mitchel
8;5;CompShg;0;438;Gd;0;No;1079;1220;870;Gd;240000;10000;Norm;CollgCr
4;7;CompShg;0;0;TA;1;No;0;796;550;TA;112000;11767;Norm;Edwards
5;7;CompShg;0;0;TA;1;Av;553;630;0;Ex;92000;1533;Norm;MeadowV
5;5;CompShg;0;0;TA;1;No;0;896;896;TA;136000;9000;Norm;NAmes
8;5;CompShg;0;194;Gd;0;No;0;1578;0;Ex;287090;9262;Norm;Somerst
5;5;CompShg;0;80;TA;1;Gd;547;1072;0;TA;145000;3675;Norm;Edwards
5;5;CompShg;0;0;TA;1;No;0;1140;0;TA;84500;17217;Norm;Mitchel
7;5;CompShg;0;0;Gd;0;No;410;1221;0;Gd;185000;7500;Norm;Somerst
6;5;CompShg;0;0;TA;1;No;0;953;694;TA;175000;7917;Norm;Gilbert
6;6;CompShg;0;119;TA;1;No;790;2073;0;TA;210000;13175;Norm;NWAmes
7;9;CompShg;0;0;Ex;2;No;275;1188;1152;Gd;266500;9042;Norm;Crawfor
5;6;CompShg;0;0;TA;1;Mn;49;1078;0;Gd;142125;9717;Norm;NAmes
5;6;CompShg;0;0;Gd;0;No;830;1256;0;TA;147500;9937;Norm;Edwards
